trajectory_type,period,time_hour,series,value
flow,0,0.0,wind_nominal_mw,11.861861861861865
flow,1,0.25,wind_nominal_mw,20.57057057057057
flow,2,0.5,wind_nominal_mw,28.37837837837838
flow,3,0.75,wind_nominal_mw,31.68168168168168
flow,4,1.0,wind_nominal_mw,19.81981981981982
flow,5,1.25,wind_nominal_mw,22.372372372372375
flow,6,1.5,wind_nominal_mw,25.675675675675677
flow,7,1.75,wind_nominal_mw,29.12912912912913
flow,8,2.0,wind_nominal_mw,28.37837837837838
flow,9,2.25,wind_nominal_mw,41.44144144144145
flow,10,2.5,wind_nominal_mw,50.00000000000001
flow,11,2.75,wind_nominal_mw,47.8978978978979
flow,12,3.0,wind_nominal_mw,32.58258258258258
flow,13,3.25,wind_nominal_mw,24.324324324324323
flow,14,3.5,wind_nominal_mw,21.17117117117117
flow,15,3.75,wind_nominal_mw,25.825825825825824
flow,16,4.0,wind_nominal_mw,32.432432432432435
flow,17,4.25,wind_nominal_mw,28.67867867867868
flow,18,4.5,wind_nominal_mw,30.03003003003003
flow,19,4.75,wind_nominal_mw,24.324324324324323
flow,20,5.0,wind_nominal_mw,24.624624624624627
flow,21,5.25,wind_nominal_mw,21.77177177177177
flow,22,5.5,wind_nominal_mw,22.52252252252252
flow,23,5.75,wind_nominal_mw,18.468468468468473
flow,24,6.0,wind_nominal_mw,15.915915915915916
flow,25,6.25,wind_nominal_mw,15.465465465465465
flow,26,6.5,wind_nominal_mw,13.213213213213214
flow,27,6.75,wind_nominal_mw,13.363363363363366
flow,28,7.0,wind_nominal_mw,12.312312312312313
flow,29,7.25,wind_nominal_mw,16.366366366366368
flow,30,7.5,wind_nominal_mw,14.414414414414415
flow,31,7.75,wind_nominal_mw,16.666666666666668
flow,32,8.0,wind_nominal_mw,16.666666666666668
flow,33,8.25,wind_nominal_mw,15.015015015015015
flow,34,8.5,wind_nominal_mw,13.513513513513514
flow,35,8.75,wind_nominal_mw,13.363363363363366
flow,36,9.0,wind_nominal_mw,15.615615615615617
flow,37,9.25,wind_nominal_mw,19.66966966966967
flow,38,9.5,wind_nominal_mw,30.33033033033033
flow,39,9.75,wind_nominal_mw,27.92792792792793
flow,40,10.0,wind_nominal_mw,20.57057057057057
flow,41,10.25,wind_nominal_mw,19.219219219219223
flow,42,10.5,wind_nominal_mw,16.666666666666668
flow,43,10.75,wind_nominal_mw,19.06906906906907
flow,44,11.0,wind_nominal_mw,19.36936936936937
flow,45,11.25,wind_nominal_mw,18.16816816816817
flow,46,11.5,wind_nominal_mw,18.31831831831832
flow,47,11.75,wind_nominal_mw,19.51951951951952
flow,48,12.0,wind_nominal_mw,12.462462462462463
flow,49,12.25,wind_nominal_mw,14.114114114114116
flow,50,12.5,wind_nominal_mw,10.21021021021021
flow,51,12.75,wind_nominal_mw,9.75975975975976
flow,52,13.0,wind_nominal_mw,11.111111111111112
flow,53,13.25,wind_nominal_mw,11.411411411411411
flow,54,13.5,wind_nominal_mw,8.258258258258259
flow,55,13.75,wind_nominal_mw,5.855855855855856
flow,56,14.0,wind_nominal_mw,3.153153153153154
flow,57,14.25,wind_nominal_mw,2.5525525525525525
flow,58,14.5,wind_nominal_mw,1.5015015015015014
flow,59,14.75,wind_nominal_mw,3.3033033033033035
flow,60,15.0,wind_nominal_mw,2.2522522522522523
flow,61,15.25,wind_nominal_mw,4.504504504504505
flow,62,15.5,wind_nominal_mw,6.306306306306308
flow,63,15.75,wind_nominal_mw,4.354354354354355
flow,64,16.0,wind_nominal_mw,6.006006006006006
flow,65,16.25,wind_nominal_mw,5.555555555555556
flow,66,16.5,wind_nominal_mw,6.156156156156157
flow,67,16.75,wind_nominal_mw,4.804804804804806
flow,68,17.0,wind_nominal_mw,5.555555555555556
flow,69,17.25,wind_nominal_mw,5.405405405405406
flow,70,17.5,wind_nominal_mw,3.9039039039039043
flow,71,17.75,wind_nominal_mw,2.702702702702703
flow,72,18.0,wind_nominal_mw,4.2042042042042045
flow,73,18.25,wind_nominal_mw,6.606606606606607
flow,74,18.5,wind_nominal_mw,4.954954954954955
flow,75,18.75,wind_nominal_mw,7.6576576576576585
flow,76,19.0,wind_nominal_mw,7.5075075075075075
flow,77,19.25,wind_nominal_mw,7.057057057057058
flow,78,19.5,wind_nominal_mw,10.360360360360362
flow,79,19.75,wind_nominal_mw,8.408408408408409
flow,80,20.0,wind_nominal_mw,8.408408408408409
flow,81,20.25,wind_nominal_mw,14.714714714714715
flow,82,20.5,wind_nominal_mw,22.972972972972975
flow,83,20.75,wind_nominal_mw,24.624624624624627
flow,84,21.0,wind_nominal_mw,21.32132132132132
flow,85,21.25,wind_nominal_mw,12.462462462462463
flow,86,21.5,wind_nominal_mw,13.063063063063064
flow,87,21.75,wind_nominal_mw,16.516516516516518
flow,88,22.0,wind_nominal_mw,15.915915915915916
flow,89,22.25,wind_nominal_mw,13.813813813813814
flow,90,22.5,wind_nominal_mw,17.41741741741742
flow,91,22.75,wind_nominal_mw,16.216216216216218
flow,92,23.0,wind_nominal_mw,8.108108108108109
flow,93,23.25,wind_nominal_mw,3.9039039039039043
flow,94,23.5,wind_nominal_mw,3.4534534534534536
flow,95,23.75,wind_nominal_mw,3.3033033033033035
flow,0,0.0,wind_worst_mw,11.861861861861865
flow,1,0.25,wind_worst_mw,20.57057057057057
flow,2,0.5,wind_worst_mw,22.7027027027027
flow,3,0.75,wind_worst_mw,25.345345345345347
flow,4,1.0,wind_worst_mw,15.855855855855854
flow,5,1.25,wind_worst_mw,17.8978978978979
flow,6,1.5,wind_worst_mw,20.54054054054054
flow,7,1.75,wind_worst_mw,23.303303303303302
flow,8,2.0,wind_worst_mw,22.7027027027027
flow,9,2.25,wind_worst_mw,33.15315315315316
flow,10,2.5,wind_worst_mw,40.00000000000001
flow,11,2.75,wind_worst_mw,38.31831831831832
flow,12,3.0,wind_worst_mw,26.066066066066064
flow,13,3.25,wind_worst_mw,19.45945945945946
flow,14,3.5,wind_worst_mw,21.171171171171167
flow,15,3.75,wind_worst_mw,25.825825825825824
flow,16,4.0,wind_worst_mw,32.432432432432435
flow,17,4.25,wind_worst_mw,28.67867867867868
flow,18,4.5,wind_worst_mw,30.03003003003003
flow,19,4.75,wind_worst_mw,24.324324324324323
flow,20,5.0,wind_worst_mw,24.624624624624623
flow,21,5.25,wind_worst_mw,21.77177177177177
flow,22,5.5,wind_worst_mw,22.522522522522518
flow,23,5.75,wind_worst_mw,18.468468468468476
flow,24,6.0,wind_worst_mw,15.915915915915916
flow,25,6.25,wind_worst_mw,15.465465465465465
flow,26,6.5,wind_worst_mw,13.213213213213214
flow,27,6.75,wind_worst_mw,13.363363363363364
flow,28,7.0,wind_worst_mw,12.312312312312311
flow,29,7.25,wind_worst_mw,16.366366366366368
flow,30,7.5,wind_worst_mw,14.414414414414415
flow,31,7.75,wind_worst_mw,16.666666666666668
flow,32,8.0,wind_worst_mw,16.666666666666668
flow,33,8.25,wind_worst_mw,15.015015015015017
flow,34,8.5,wind_worst_mw,13.513513513513512
flow,35,8.75,wind_worst_mw,13.363363363363364
flow,36,9.0,wind_worst_mw,15.615615615615617
flow,37,9.25,wind_worst_mw,19.66966966966967
flow,38,9.5,wind_worst_mw,30.33033033033033
flow,39,9.75,wind_worst_mw,27.92792792792793
flow,40,10.0,wind_worst_mw,20.57057057057057
flow,41,10.25,wind_worst_mw,19.219219219219223
flow,42,10.5,wind_worst_mw,16.666666666666668
flow,43,10.75,wind_worst_mw,19.06906906906907
flow,44,11.0,wind_worst_mw,19.36936936936937
flow,45,11.25,wind_worst_mw,18.16816816816817
flow,46,11.5,wind_worst_mw,18.318318318318322
flow,47,11.75,wind_worst_mw,19.51951951951952
flow,48,12.0,wind_worst_mw,12.462462462462465
flow,49,12.25,wind_worst_mw,14.114114114114116
flow,50,12.5,wind_worst_mw,10.21021021021021
flow,51,12.75,wind_worst_mw,9.75975975975976
flow,52,13.0,wind_worst_mw,11.11111111111111
flow,53,13.25,wind_worst_mw,11.411411411411411
flow,54,13.5,wind_worst_mw,8.258258258258259
flow,55,13.75,wind_worst_mw,5.855855855855856
flow,56,14.0,wind_worst_mw,3.153153153153154
flow,57,14.25,wind_worst_mw,2.5525525525525525
flow,58,14.5,wind_worst_mw,1.5015015015015016
flow,59,14.75,wind_worst_mw,3.3033033033033035
flow,60,15.0,wind_worst_mw,2.2522522522522523
flow,61,15.25,wind_worst_mw,4.504504504504505
flow,62,15.5,wind_worst_mw,6.306306306306308
flow,63,15.75,wind_worst_mw,4.354354354354355
flow,64,16.0,wind_worst_mw,6.006006006006006
flow,65,16.25,wind_worst_mw,5.555555555555556
flow,66,16.5,wind_worst_mw,6.156156156156157
flow,67,16.75,wind_worst_mw,4.804804804804806
flow,68,17.0,wind_worst_mw,5.555555555555556
flow,69,17.25,wind_worst_mw,5.405405405405406
flow,70,17.5,wind_worst_mw,3.903903903903904
flow,71,17.75,wind_worst_mw,2.702702702702703
flow,72,18.0,wind_worst_mw,4.2042042042042045
flow,73,18.25,wind_worst_mw,6.606606606606607
flow,74,18.5,wind_worst_mw,4.954954954954955
flow,75,18.75,wind_worst_mw,7.6576576576576585
flow,76,19.0,wind_worst_mw,7.5075075075075075
flow,77,19.25,wind_worst_mw,7.057057057057058
flow,78,19.5,wind_worst_mw,10.360360360360362
flow,79,19.75,wind_worst_mw,8.408408408408409
flow,80,20.0,wind_worst_mw,8.408408408408409
flow,81,20.25,wind_worst_mw,14.714714714714715
flow,82,20.5,wind_worst_mw,22.972972972972975
flow,83,20.75,wind_worst_mw,24.624624624624623
flow,84,21.0,wind_worst_mw,21.32132132132132
flow,85,21.25,wind_worst_mw,12.462462462462465
flow,86,21.5,wind_worst_mw,13.063063063063064
flow,87,21.75,wind_worst_mw,16.516516516516518
flow,88,22.0,wind_worst_mw,15.915915915915916
flow,89,22.25,wind_worst_mw,13.813813813813816
flow,90,22.5,wind_worst_mw,17.41741741741742
flow,91,22.75,wind_worst_mw,16.216216216216218
flow,92,23.0,wind_worst_mw,8.108108108108109
flow,93,23.25,wind_worst_mw,3.903903903903904
flow,94,23.5,wind_worst_mw,3.4534534534534536
flow,95,23.75,wind_worst_mw,3.3033033033033035
flow,0,0.0,wind_fixed_hydrogen_mw,4.744744744744746
flow,1,0.25,wind_fixed_hydrogen_mw,8.228228228228229
flow,2,0.5,wind_fixed_hydrogen_mw,11.351351351351353
flow,3,0.75,wind_fixed_hydrogen_mw,12.672672672672673
flow,4,1.0,wind_fixed_hydrogen_mw,7.927927927927928
flow,5,1.25,wind_fixed_hydrogen_mw,8.94894894894895
flow,6,1.5,wind_fixed_hydrogen_mw,10.270270270270272
flow,7,1.75,wind_fixed_hydrogen_mw,11.651651651651653
flow,8,2.0,wind_fixed_hydrogen_mw,11.351351351351353
flow,9,2.25,wind_fixed_hydrogen_mw,16.576576576576578
flow,10,2.5,wind_fixed_hydrogen_mw,20.000000000000004
flow,11,2.75,wind_fixed_hydrogen_mw,19.15915915915916
flow,12,3.0,wind_fixed_hydrogen_mw,13.033033033033032
flow,13,3.25,wind_fixed_hydrogen_mw,9.72972972972973
flow,14,3.5,wind_fixed_hydrogen_mw,8.468468468468469
flow,15,3.75,wind_fixed_hydrogen_mw,10.33033033033033
flow,16,4.0,wind_fixed_hydrogen_mw,12.972972972972974
flow,17,4.25,wind_fixed_hydrogen_mw,11.471471471471473
flow,18,4.5,wind_fixed_hydrogen_mw,12.012012012012011
flow,19,4.75,wind_fixed_hydrogen_mw,9.72972972972973
flow,20,5.0,wind_fixed_hydrogen_mw,9.849849849849852
flow,21,5.25,wind_fixed_hydrogen_mw,8.70870870870871
flow,22,5.5,wind_fixed_hydrogen_mw,9.00900900900901
flow,23,5.75,wind_fixed_hydrogen_mw,7.387387387387389
flow,24,6.0,wind_fixed_hydrogen_mw,6.366366366366367
flow,25,6.25,wind_fixed_hydrogen_mw,6.1861861861861875
flow,26,6.5,wind_fixed_hydrogen_mw,5.285285285285286
flow,27,6.75,wind_fixed_hydrogen_mw,5.345345345345347
flow,28,7.0,wind_fixed_hydrogen_mw,4.924924924924926
flow,29,7.25,wind_fixed_hydrogen_mw,6.546546546546548
flow,30,7.5,wind_fixed_hydrogen_mw,5.7657657657657655
flow,31,7.75,wind_fixed_hydrogen_mw,6.666666666666668
flow,32,8.0,wind_fixed_hydrogen_mw,6.666666666666668
flow,33,8.25,wind_fixed_hydrogen_mw,6.006006006006006
flow,34,8.5,wind_fixed_hydrogen_mw,5.405405405405406
flow,35,8.75,wind_fixed_hydrogen_mw,5.345345345345347
flow,36,9.0,wind_fixed_hydrogen_mw,6.246246246246248
flow,37,9.25,wind_fixed_hydrogen_mw,7.867867867867869
flow,38,9.5,wind_fixed_hydrogen_mw,12.132132132132131
flow,39,9.75,wind_fixed_hydrogen_mw,11.171171171171173
flow,40,10.0,wind_fixed_hydrogen_mw,8.228228228228229
flow,41,10.25,wind_fixed_hydrogen_mw,7.687687687687689
flow,42,10.5,wind_fixed_hydrogen_mw,6.666666666666668
flow,43,10.75,wind_fixed_hydrogen_mw,7.627627627627628
flow,44,11.0,wind_fixed_hydrogen_mw,7.7477477477477485
flow,45,11.25,wind_fixed_hydrogen_mw,7.267267267267268
flow,46,11.5,wind_fixed_hydrogen_mw,7.327327327327327
flow,47,11.75,wind_fixed_hydrogen_mw,7.807807807807808
flow,48,12.0,wind_fixed_hydrogen_mw,4.984984984984985
flow,49,12.25,wind_fixed_hydrogen_mw,5.645645645645647
flow,50,12.5,wind_fixed_hydrogen_mw,4.084084084084084
flow,51,12.75,wind_fixed_hydrogen_mw,3.903903903903904
flow,52,13.0,wind_fixed_hydrogen_mw,4.4444444444444455
flow,53,13.25,wind_fixed_hydrogen_mw,4.564564564564565
flow,54,13.5,wind_fixed_hydrogen_mw,3.3033033033033035
flow,55,13.75,wind_fixed_hydrogen_mw,2.3423423423423424
flow,56,14.0,wind_fixed_hydrogen_mw,1.2612612612612615
flow,57,14.25,wind_fixed_hydrogen_mw,1.021021021021021
flow,58,14.5,wind_fixed_hydrogen_mw,0.6006006006006006
flow,59,14.75,wind_fixed_hydrogen_mw,1.3213213213213215
flow,60,15.0,wind_fixed_hydrogen_mw,0.900900900900901
flow,61,15.25,wind_fixed_hydrogen_mw,1.801801801801802
flow,62,15.5,wind_fixed_hydrogen_mw,2.522522522522523
flow,63,15.75,wind_fixed_hydrogen_mw,1.7417417417417418
flow,64,16.0,wind_fixed_hydrogen_mw,2.4024024024024024
flow,65,16.25,wind_fixed_hydrogen_mw,2.2222222222222228
flow,66,16.5,wind_fixed_hydrogen_mw,2.462462462462463
flow,67,16.75,wind_fixed_hydrogen_mw,1.9219219219219223
flow,68,17.0,wind_fixed_hydrogen_mw,2.2222222222222228
flow,69,17.25,wind_fixed_hydrogen_mw,2.1621621621621627
flow,70,17.5,wind_fixed_hydrogen_mw,1.561561561561562
flow,71,17.75,wind_fixed_hydrogen_mw,1.0810810810810814
flow,72,18.0,wind_fixed_hydrogen_mw,1.681681681681682
flow,73,18.25,wind_fixed_hydrogen_mw,2.642642642642643
flow,74,18.5,wind_fixed_hydrogen_mw,1.981981981981982
flow,75,18.75,wind_fixed_hydrogen_mw,3.0630630630630633
flow,76,19.0,wind_fixed_hydrogen_mw,3.003003003003003
flow,77,19.25,wind_fixed_hydrogen_mw,2.8228228228228236
flow,78,19.5,wind_fixed_hydrogen_mw,4.1441441441441444
flow,79,19.75,wind_fixed_hydrogen_mw,3.363363363363364
flow,80,20.0,wind_fixed_hydrogen_mw,3.363363363363364
flow,81,20.25,wind_fixed_hydrogen_mw,5.8858858858858865
flow,82,20.5,wind_fixed_hydrogen_mw,9.189189189189191
flow,83,20.75,wind_fixed_hydrogen_mw,9.849849849849852
flow,84,21.0,wind_fixed_hydrogen_mw,8.528528528528527
flow,85,21.25,wind_fixed_hydrogen_mw,4.984984984984985
flow,86,21.5,wind_fixed_hydrogen_mw,5.225225225225225
flow,87,21.75,wind_fixed_hydrogen_mw,6.606606606606607
flow,88,22.0,wind_fixed_hydrogen_mw,6.366366366366367
flow,89,22.25,wind_fixed_hydrogen_mw,5.525525525525526
flow,90,22.5,wind_fixed_hydrogen_mw,6.966966966966967
flow,91,22.75,wind_fixed_hydrogen_mw,6.486486486486487
flow,92,23.0,wind_fixed_hydrogen_mw,3.2432432432432434
flow,93,23.25,wind_fixed_hydrogen_mw,1.561561561561562
flow,94,23.5,wind_fixed_hydrogen_mw,1.3813813813813816
flow,95,23.75,wind_fixed_hydrogen_mw,1.3213213213213215
flow,0,0.0,wind_nominal_electric_mw,7.117117117117119
flow,1,0.25,wind_nominal_electric_mw,12.342342342342342
flow,2,0.5,wind_nominal_electric_mw,17.027027027027025
flow,3,0.75,wind_nominal_electric_mw,19.009009009009006
flow,4,1.0,wind_nominal_electric_mw,11.891891891891891
flow,5,1.25,wind_nominal_electric_mw,13.423423423423426
flow,6,1.5,wind_nominal_electric_mw,15.405405405405405
flow,7,1.75,wind_nominal_electric_mw,17.47747747747748
flow,8,2.0,wind_nominal_electric_mw,17.027027027027025
flow,9,2.25,wind_nominal_electric_mw,24.86486486486487
flow,10,2.5,wind_nominal_electric_mw,30.000000000000004
flow,11,2.75,wind_nominal_electric_mw,28.73873873873874
flow,12,3.0,wind_nominal_electric_mw,19.54954954954955
flow,13,3.25,wind_nominal_electric_mw,14.594594594594593
flow,14,3.5,wind_nominal_electric_mw,12.702702702702702
flow,15,3.75,wind_nominal_electric_mw,15.495495495495494
flow,16,4.0,wind_nominal_electric_mw,19.45945945945946
flow,17,4.25,wind_nominal_electric_mw,17.207207207207205
flow,18,4.5,wind_nominal_electric_mw,18.01801801801802
flow,19,4.75,wind_nominal_electric_mw,14.594594594594593
flow,20,5.0,wind_nominal_electric_mw,14.774774774774775
flow,21,5.25,wind_nominal_electric_mw,13.063063063063062
flow,22,5.5,wind_nominal_electric_mw,13.513513513513512
flow,23,5.75,wind_nominal_electric_mw,11.081081081081084
flow,24,6.0,wind_nominal_electric_mw,9.54954954954955
flow,25,6.25,wind_nominal_electric_mw,9.279279279279278
flow,26,6.5,wind_nominal_electric_mw,7.927927927927928
flow,27,6.75,wind_nominal_electric_mw,8.018018018018019
flow,28,7.0,wind_nominal_electric_mw,7.387387387387387
flow,29,7.25,wind_nominal_electric_mw,9.81981981981982
flow,30,7.5,wind_nominal_electric_mw,8.64864864864865
flow,31,7.75,wind_nominal_electric_mw,10.0
flow,32,8.0,wind_nominal_electric_mw,10.0
flow,33,8.25,wind_nominal_electric_mw,9.00900900900901
flow,34,8.5,wind_nominal_electric_mw,8.108108108108109
flow,35,8.75,wind_nominal_electric_mw,8.018018018018019
flow,36,9.0,wind_nominal_electric_mw,9.36936936936937
flow,37,9.25,wind_nominal_electric_mw,11.801801801801801
flow,38,9.5,wind_nominal_electric_mw,18.1981981981982
flow,39,9.75,wind_nominal_electric_mw,16.756756756756758
flow,40,10.0,wind_nominal_electric_mw,12.342342342342342
flow,41,10.25,wind_nominal_electric_mw,11.531531531531535
flow,42,10.5,wind_nominal_electric_mw,10.0
flow,43,10.75,wind_nominal_electric_mw,11.441441441441441
flow,44,11.0,wind_nominal_electric_mw,11.621621621621621
flow,45,11.25,wind_nominal_electric_mw,10.9009009009009
flow,46,11.5,wind_nominal_electric_mw,10.99099099099099
flow,47,11.75,wind_nominal_electric_mw,11.711711711711711
flow,48,12.0,wind_nominal_electric_mw,7.477477477477478
flow,49,12.25,wind_nominal_electric_mw,8.468468468468469
flow,50,12.5,wind_nominal_electric_mw,6.126126126126126
flow,51,12.75,wind_nominal_electric_mw,5.8558558558558556
flow,52,13.0,wind_nominal_electric_mw,6.666666666666667
flow,53,13.25,wind_nominal_electric_mw,6.846846846846846
flow,54,13.5,wind_nominal_electric_mw,4.954954954954955
flow,55,13.75,wind_nominal_electric_mw,3.513513513513514
flow,56,14.0,wind_nominal_electric_mw,1.8918918918918923
flow,57,14.25,wind_nominal_electric_mw,1.5315315315315314
flow,58,14.5,wind_nominal_electric_mw,0.9009009009009008
flow,59,14.75,wind_nominal_electric_mw,1.981981981981982
flow,60,15.0,wind_nominal_electric_mw,1.3513513513513513
flow,61,15.25,wind_nominal_electric_mw,2.7027027027027026
flow,62,15.5,wind_nominal_electric_mw,3.7837837837837847
flow,63,15.75,wind_nominal_electric_mw,2.6126126126126126
flow,64,16.0,wind_nominal_electric_mw,3.603603603603603
flow,65,16.25,wind_nominal_electric_mw,3.3333333333333335
flow,66,16.5,wind_nominal_electric_mw,3.6936936936936937
flow,67,16.75,wind_nominal_electric_mw,2.8828828828828836
flow,68,17.0,wind_nominal_electric_mw,3.3333333333333335
flow,69,17.25,wind_nominal_electric_mw,3.2432432432432434
flow,70,17.5,wind_nominal_electric_mw,2.3423423423423424
flow,71,17.75,wind_nominal_electric_mw,1.6216216216216217
flow,72,18.0,wind_nominal_electric_mw,2.5225225225225225
flow,73,18.25,wind_nominal_electric_mw,3.963963963963964
flow,74,18.5,wind_nominal_electric_mw,2.972972972972973
flow,75,18.75,wind_nominal_electric_mw,4.594594594594595
flow,76,19.0,wind_nominal_electric_mw,4.504504504504505
flow,77,19.25,wind_nominal_electric_mw,4.2342342342342345
flow,78,19.5,wind_nominal_electric_mw,6.216216216216218
flow,79,19.75,wind_nominal_electric_mw,5.045045045045045
flow,80,20.0,wind_nominal_electric_mw,5.045045045045045
flow,81,20.25,wind_nominal_electric_mw,8.82882882882883
flow,82,20.5,wind_nominal_electric_mw,13.783783783783784
flow,83,20.75,wind_nominal_electric_mw,14.774774774774775
flow,84,21.0,wind_nominal_electric_mw,12.792792792792794
flow,85,21.25,wind_nominal_electric_mw,7.477477477477478
flow,86,21.5,wind_nominal_electric_mw,7.837837837837839
flow,87,21.75,wind_nominal_electric_mw,9.90990990990991
flow,88,22.0,wind_nominal_electric_mw,9.54954954954955
flow,89,22.25,wind_nominal_electric_mw,8.288288288288289
flow,90,22.5,wind_nominal_electric_mw,10.45045045045045
flow,91,22.75,wind_nominal_electric_mw,9.72972972972973
flow,92,23.0,wind_nominal_electric_mw,4.864864864864865
flow,93,23.25,wind_nominal_electric_mw,2.3423423423423424
flow,94,23.5,wind_nominal_electric_mw,2.0720720720720722
flow,95,23.75,wind_nominal_electric_mw,1.981981981981982
flow,0,0.0,wind_worst_electric_mw,7.117117117117119
flow,1,0.25,wind_worst_electric_mw,12.342342342342342
flow,2,0.5,wind_worst_electric_mw,11.351351351351349
flow,3,0.75,wind_worst_electric_mw,12.672672672672673
flow,4,1.0,wind_worst_electric_mw,7.927927927927926
flow,5,1.25,wind_worst_electric_mw,8.94894894894895
flow,6,1.5,wind_worst_electric_mw,10.270270270270268
flow,7,1.75,wind_worst_electric_mw,11.65165165165165
flow,8,2.0,wind_worst_electric_mw,11.351351351351349
flow,9,2.25,wind_worst_electric_mw,16.576576576576585
flow,10,2.5,wind_worst_electric_mw,20.000000000000004
flow,11,2.75,wind_worst_electric_mw,19.15915915915916
flow,12,3.0,wind_worst_electric_mw,13.033033033033032
flow,13,3.25,wind_worst_electric_mw,9.72972972972973
flow,14,3.5,wind_worst_electric_mw,12.702702702702698
flow,15,3.75,wind_worst_electric_mw,15.495495495495494
flow,16,4.0,wind_worst_electric_mw,19.45945945945946
flow,17,4.25,wind_worst_electric_mw,17.207207207207205
flow,18,4.5,wind_worst_electric_mw,18.01801801801802
flow,19,4.75,wind_worst_electric_mw,14.594594594594593
flow,20,5.0,wind_worst_electric_mw,14.774774774774771
flow,21,5.25,wind_worst_electric_mw,13.063063063063062
flow,22,5.5,wind_worst_electric_mw,13.513513513513509
flow,23,5.75,wind_worst_electric_mw,11.081081081081088
flow,24,6.0,wind_worst_electric_mw,9.54954954954955
flow,25,6.25,wind_worst_electric_mw,9.279279279279278
flow,26,6.5,wind_worst_electric_mw,7.927927927927928
flow,27,6.75,wind_worst_electric_mw,8.018018018018017
flow,28,7.0,wind_worst_electric_mw,7.387387387387386
flow,29,7.25,wind_worst_electric_mw,9.81981981981982
flow,30,7.5,wind_worst_electric_mw,8.64864864864865
flow,31,7.75,wind_worst_electric_mw,10.0
flow,32,8.0,wind_worst_electric_mw,10.0
flow,33,8.25,wind_worst_electric_mw,9.009009009009011
flow,34,8.5,wind_worst_electric_mw,8.108108108108105
flow,35,8.75,wind_worst_electric_mw,8.018018018018017
flow,36,9.0,wind_worst_electric_mw,9.36936936936937
flow,37,9.25,wind_worst_electric_mw,11.801801801801801
flow,38,9.5,wind_worst_electric_mw,18.1981981981982
flow,39,9.75,wind_worst_electric_mw,16.756756756756758
flow,40,10.0,wind_worst_electric_mw,12.342342342342342
flow,41,10.25,wind_worst_electric_mw,11.531531531531535
flow,42,10.5,wind_worst_electric_mw,10.0
flow,43,10.75,wind_worst_electric_mw,11.441441441441441
flow,44,11.0,wind_worst_electric_mw,11.621621621621621
flow,45,11.25,wind_worst_electric_mw,10.9009009009009
flow,46,11.5,wind_worst_electric_mw,10.990990990990994
flow,47,11.75,wind_worst_electric_mw,11.711711711711711
flow,48,12.0,wind_worst_electric_mw,7.47747747747748
flow,49,12.25,wind_worst_electric_mw,8.468468468468469
flow,50,12.5,wind_worst_electric_mw,6.126126126126126
flow,51,12.75,wind_worst_electric_mw,5.8558558558558556
flow,52,13.0,wind_worst_electric_mw,6.666666666666665
flow,53,13.25,wind_worst_electric_mw,6.846846846846846
flow,54,13.5,wind_worst_electric_mw,4.954954954954955
flow,55,13.75,wind_worst_electric_mw,3.513513513513514
flow,56,14.0,wind_worst_electric_mw,1.8918918918918923
flow,57,14.25,wind_worst_electric_mw,1.5315315315315314
flow,58,14.5,wind_worst_electric_mw,0.900900900900901
flow,59,14.75,wind_worst_electric_mw,1.981981981981982
flow,60,15.0,wind_worst_electric_mw,1.3513513513513513
flow,61,15.25,wind_worst_electric_mw,2.7027027027027026
flow,62,15.5,wind_worst_electric_mw,3.7837837837837847
flow,63,15.75,wind_worst_electric_mw,2.6126126126126126
flow,64,16.0,wind_worst_electric_mw,3.603603603603603
flow,65,16.25,wind_worst_electric_mw,3.3333333333333335
flow,66,16.5,wind_worst_electric_mw,3.6936936936936937
flow,67,16.75,wind_worst_electric_mw,2.8828828828828836
flow,68,17.0,wind_worst_electric_mw,3.3333333333333335
flow,69,17.25,wind_worst_electric_mw,3.2432432432432434
flow,70,17.5,wind_worst_electric_mw,2.342342342342342
flow,71,17.75,wind_worst_electric_mw,1.6216216216216217
flow,72,18.0,wind_worst_electric_mw,2.5225225225225225
flow,73,18.25,wind_worst_electric_mw,3.963963963963964
flow,74,18.5,wind_worst_electric_mw,2.972972972972973
flow,75,18.75,wind_worst_electric_mw,4.594594594594595
flow,76,19.0,wind_worst_electric_mw,4.504504504504505
flow,77,19.25,wind_worst_electric_mw,4.2342342342342345
flow,78,19.5,wind_worst_electric_mw,6.216216216216218
flow,79,19.75,wind_worst_electric_mw,5.045045045045045
flow,80,20.0,wind_worst_electric_mw,5.045045045045045
flow,81,20.25,wind_worst_electric_mw,8.82882882882883
flow,82,20.5,wind_worst_electric_mw,13.783783783783784
flow,83,20.75,wind_worst_electric_mw,14.774774774774771
flow,84,21.0,wind_worst_electric_mw,12.792792792792794
flow,85,21.25,wind_worst_electric_mw,7.47747747747748
flow,86,21.5,wind_worst_electric_mw,7.837837837837839
flow,87,21.75,wind_worst_electric_mw,9.90990990990991
flow,88,22.0,wind_worst_electric_mw,9.54954954954955
flow,89,22.25,wind_worst_electric_mw,8.288288288288289
flow,90,22.5,wind_worst_electric_mw,10.45045045045045
flow,91,22.75,wind_worst_electric_mw,9.72972972972973
flow,92,23.0,wind_worst_electric_mw,4.864864864864865
flow,93,23.25,wind_worst_electric_mw,2.342342342342342
flow,94,23.5,wind_worst_electric_mw,2.0720720720720722
flow,95,23.75,wind_worst_electric_mw,1.981981981981982
flow,0,0.0,grid_buy_da_mw,27.70955994613491
flow,1,0.25,grid_buy_da_mw,22.48433472090969
flow,2,0.5,grid_buy_da_mw,17.799650036225003
flow,3,0.75,grid_buy_da_mw,15.81766805424302
flow,4,1.0,grid_buy_da_mw,22.93478517136014
flow,5,1.25,grid_buy_da_mw,21.40325363982861
flow,6,1.5,grid_buy_da_mw,19.421271657846624
flow,7,1.75,grid_buy_da_mw,14.349199585774551
flow,8,2.0,grid_buy_da_mw,15.399650036225
flow,9,2.25,grid_buy_da_mw,7.535135135135134
flow,10,2.5,grid_buy_da_mw,0.0
flow,11,2.75,grid_buy_da_mw,0.6612612612612645
flow,12,3.0,grid_buy_da_mw,6.27712751370248
flow,13,3.25,grid_buy_da_mw,11.232082468657437
flow,14,3.5,grid_buy_da_mw,13.423974360549323
flow,15,3.75,grid_buy_da_mw,8.231181567756533
flow,16,4.0,grid_buy_da_mw,4.867217603792566
flow,17,4.25,grid_buy_da_mw,7.719469856044821
flow,18,4.5,grid_buy_da_mw,0.0
flow,19,4.75,grid_buy_da_mw,0.2054054054054071
flow,20,5.0,grid_buy_da_mw,4.425225225225225
flow,21,5.25,grid_buy_da_mw,5.536936936936939
flow,22,5.5,grid_buy_da_mw,4.786486486486486
flow,23,5.75,grid_buy_da_mw,6.618918918918916
flow,24,6.0,grid_buy_da_mw,8.45045045045045
flow,25,6.25,grid_buy_da_mw,3.4207207207207206
flow,26,6.5,grid_buy_da_mw,4.772072072072072
flow,27,6.75,grid_buy_da_mw,5.281981981981981
flow,28,7.0,grid_buy_da_mw,5.812612612612613
flow,29,7.25,grid_buy_da_mw,3.98018018018018
flow,30,7.5,grid_buy_da_mw,0.7513513513513506
flow,31,7.75,grid_buy_da_mw,0.0
flow,32,8.0,grid_buy_da_mw,0.0
flow,33,8.25,grid_buy_da_mw,0.3909909909909903
flow,34,8.5,grid_buy_da_mw,5.691891891891893
flow,35,8.75,grid_buy_da_mw,5.1819819819819815
flow,36,9.0,grid_buy_da_mw,3.330630630630629
flow,37,9.25,grid_buy_da_mw,0.8981981981981988
flow,38,9.5,grid_buy_da_mw,0.0
flow,39,9.75,grid_buy_da_mw,0.943243243243242
flow,40,10.0,grid_buy_da_mw,5.357657657657659
flow,41,10.25,grid_buy_da_mw,6.168468468468466
flow,42,10.5,grid_buy_da_mw,8.3
flow,43,10.75,grid_buy_da_mw,6.258558558558559
flow,44,11.0,grid_buy_da_mw,6.678378378378377
flow,45,11.25,grid_buy_da_mw,6.799099099099098
flow,46,11.5,grid_buy_da_mw,6.7090090090090095
flow,47,11.75,grid_buy_da_mw,6.288288288288287
flow,48,12.0,grid_buy_da_mw,15.22252252252252
flow,49,12.25,grid_buy_da_mw,14.23153153153153
flow,50,12.5,grid_buy_da_mw,16.573873873873875
flow,51,12.75,grid_buy_da_mw,19.844144144144146
flow,52,13.0,grid_buy_da_mw,22.33333333333333
flow,53,13.25,grid_buy_da_mw,21.853153153153155
flow,54,13.5,grid_buy_da_mw,26.745045045045043
flow,55,13.75,grid_buy_da_mw,31.186486486486487
flow,56,14.0,grid_buy_da_mw,33.40810810810811
flow,57,14.25,grid_buy_da_mw,33.16846846846847
flow,58,14.5,grid_buy_da_mw,36.7990990990991
flow,59,14.75,grid_buy_da_mw,35.71801801801802
flow,60,15.0,grid_buy_da_mw,36.34864864864865
flow,61,15.25,grid_buy_da_mw,34.9972972972973
flow,62,15.5,grid_buy_da_mw,36.91621621621622
flow,63,15.75,grid_buy_da_mw,38.08738738738739
flow,64,16.0,grid_buy_da_mw,37.0963963963964
flow,65,16.25,grid_buy_da_mw,37.96666666666667
flow,66,16.5,grid_buy_da_mw,34.00630630630631
flow,67,16.75,grid_buy_da_mw,34.88950520309334
flow,68,17.0,grid_buy_da_mw,37.36666666666667
flow,69,17.25,grid_buy_da_mw,37.45675675675676
flow,70,17.5,grid_buy_da_mw,35.35765765765766
flow,71,17.75,grid_buy_da_mw,39.07837837837838
flow,72,18.0,grid_buy_da_mw,38.17747747747748
flow,73,18.25,grid_buy_da_mw,36.73603603603604
flow,74,18.5,grid_buy_da_mw,37.72702702702703
flow,75,18.75,grid_buy_da_mw,36.70540540540541
flow,76,19.0,grid_buy_da_mw,37.3954954954955
flow,77,19.25,grid_buy_da_mw,37.06576576576577
flow,78,19.5,grid_buy_da_mw,34.483783783783785
flow,79,19.75,grid_buy_da_mw,35.65495495495496
flow,80,20.0,grid_buy_da_mw,32.65495495495496
flow,81,20.25,grid_buy_da_mw,28.871171171171174
flow,82,20.5,grid_buy_da_mw,23.916216216216213
flow,83,20.75,grid_buy_da_mw,19.925225225225223
flow,84,21.0,grid_buy_da_mw,15.907207207207207
flow,85,21.25,grid_buy_da_mw,21.22252252252252
flow,86,21.5,grid_buy_da_mw,17.86216216216216
flow,87,21.75,grid_buy_da_mw,13.390090090090087
flow,88,22.0,grid_buy_da_mw,13.150450450450451
flow,89,22.25,grid_buy_da_mw,14.411711711711712
flow,90,22.5,grid_buy_da_mw,15.849549549549549
flow,91,22.75,grid_buy_da_mw,16.57027027027027
flow,92,23.0,grid_buy_da_mw,20.835135135135136
flow,93,23.25,grid_buy_da_mw,23.357657657657654
flow,94,23.5,grid_buy_da_mw,21.22792792792793
flow,95,23.75,grid_buy_da_mw,20.718018018018014
flow,0,0.0,grid_sell_da_mw,0.0
flow,1,0.25,grid_sell_da_mw,0.0
flow,2,0.5,grid_sell_da_mw,0.0
flow,3,0.75,grid_sell_da_mw,0.0
flow,4,1.0,grid_sell_da_mw,0.0
flow,5,1.25,grid_sell_da_mw,0.0
flow,6,1.5,grid_sell_da_mw,0.0
flow,7,1.75,grid_sell_da_mw,0.0
flow,8,2.0,grid_sell_da_mw,0.0
flow,9,2.25,grid_sell_da_mw,0.0
flow,10,2.5,grid_sell_da_mw,0.0
flow,11,2.75,grid_sell_da_mw,0.0
flow,12,3.0,grid_sell_da_mw,0.0
flow,13,3.25,grid_sell_da_mw,0.0
flow,14,3.5,grid_sell_da_mw,0.0
flow,15,3.75,grid_sell_da_mw,0.0
flow,16,4.0,grid_sell_da_mw,0.0
flow,17,4.25,grid_sell_da_mw,0.0
flow,18,4.5,grid_sell_da_mw,0.318018018018019
flow,19,4.75,grid_sell_da_mw,0.0
flow,20,5.0,grid_sell_da_mw,0.0
flow,21,5.25,grid_sell_da_mw,0.0
flow,22,5.5,grid_sell_da_mw,0.0
flow,23,5.75,grid_sell_da_mw,0.0
flow,24,6.0,grid_sell_da_mw,0.0
flow,25,6.25,grid_sell_da_mw,0.0
flow,26,6.5,grid_sell_da_mw,0.0
flow,27,6.75,grid_sell_da_mw,0.0
flow,28,7.0,grid_sell_da_mw,0.0
flow,29,7.25,grid_sell_da_mw,0.0
flow,30,7.5,grid_sell_da_mw,0.0
flow,31,7.75,grid_sell_da_mw,0.0
flow,32,8.0,grid_sell_da_mw,0.0
flow,33,8.25,grid_sell_da_mw,0.0
flow,34,8.5,grid_sell_da_mw,0.0
flow,35,8.75,grid_sell_da_mw,0.0
flow,36,9.0,grid_sell_da_mw,0.0
flow,37,9.25,grid_sell_da_mw,0.0
flow,38,9.5,grid_sell_da_mw,0.0
flow,39,9.75,grid_sell_da_mw,0.0
flow,40,10.0,grid_sell_da_mw,0.0
flow,41,10.25,grid_sell_da_mw,0.0
flow,42,10.5,grid_sell_da_mw,0.0
flow,43,10.75,grid_sell_da_mw,0.0
flow,44,11.0,grid_sell_da_mw,0.0
flow,45,11.25,grid_sell_da_mw,0.0
flow,46,11.5,grid_sell_da_mw,0.0
flow,47,11.75,grid_sell_da_mw,0.0
flow,48,12.0,grid_sell_da_mw,0.0
flow,49,12.25,grid_sell_da_mw,0.0
flow,50,12.5,grid_sell_da_mw,0.0
flow,51,12.75,grid_sell_da_mw,0.0
flow,52,13.0,grid_sell_da_mw,0.0
flow,53,13.25,grid_sell_da_mw,0.0
flow,54,13.5,grid_sell_da_mw,0.0
flow,55,13.75,grid_sell_da_mw,0.0
flow,56,14.0,grid_sell_da_mw,0.0
flow,57,14.25,grid_sell_da_mw,0.0
flow,58,14.5,grid_sell_da_mw,0.0
flow,59,14.75,grid_sell_da_mw,0.0
flow,60,15.0,grid_sell_da_mw,0.0
flow,61,15.25,grid_sell_da_mw,0.0
flow,62,15.5,grid_sell_da_mw,0.0
flow,63,15.75,grid_sell_da_mw,0.0
flow,64,16.0,grid_sell_da_mw,0.0
flow,65,16.25,grid_sell_da_mw,0.0
flow,66,16.5,grid_sell_da_mw,0.0
flow,67,16.75,grid_sell_da_mw,0.0
flow,68,17.0,grid_sell_da_mw,0.0
flow,69,17.25,grid_sell_da_mw,0.0
flow,70,17.5,grid_sell_da_mw,0.0
flow,71,17.75,grid_sell_da_mw,0.0
flow,72,18.0,grid_sell_da_mw,0.0
flow,73,18.25,grid_sell_da_mw,0.0
flow,74,18.5,grid_sell_da_mw,0.0
flow,75,18.75,grid_sell_da_mw,0.0
flow,76,19.0,grid_sell_da_mw,0.0
flow,77,19.25,grid_sell_da_mw,0.0
flow,78,19.5,grid_sell_da_mw,0.0
flow,79,19.75,grid_sell_da_mw,0.0
flow,80,20.0,grid_sell_da_mw,0.0
flow,81,20.25,grid_sell_da_mw,0.0
flow,82,20.5,grid_sell_da_mw,0.0
flow,83,20.75,grid_sell_da_mw,0.0
flow,84,21.0,grid_sell_da_mw,0.0
flow,85,21.25,grid_sell_da_mw,0.0
flow,86,21.5,grid_sell_da_mw,0.0
flow,87,21.75,grid_sell_da_mw,0.0
flow,88,22.0,grid_sell_da_mw,0.0
flow,89,22.25,grid_sell_da_mw,0.0
flow,90,22.5,grid_sell_da_mw,0.0
flow,91,22.75,grid_sell_da_mw,0.0
flow,92,23.0,grid_sell_da_mw,0.0
flow,93,23.25,grid_sell_da_mw,0.0
flow,94,23.5,grid_sell_da_mw,0.0
flow,95,23.75,grid_sell_da_mw,0.0
flow,0,0.0,grid_buy_rt_mw,27.709559946134917
flow,1,0.25,grid_buy_rt_mw,22.48433472090969
flow,2,0.5,grid_buy_rt_mw,23.47532571190068
flow,3,0.75,grid_buy_rt_mw,22.15400439057936
flow,4,1.0,grid_buy_rt_mw,26.8987491353241
flow,5,1.25,grid_buy_rt_mw,25.87772811430308
flow,6,1.5,grid_buy_rt_mw,24.55640679298176
flow,7,1.75,grid_buy_rt_mw,20.175025411600377
flow,8,2.0,grid_buy_rt_mw,21.07532571190068
flow,9,2.25,grid_buy_rt_mw,15.823423423423414
flow,10,2.5,grid_buy_rt_mw,9.999999999999991
flow,11,2.75,grid_buy_rt_mw,10.24084084084084
flow,12,3.0,grid_buy_rt_mw,12.793644030219
flow,13,3.25,grid_buy_rt_mw,16.096947333522294
flow,14,3.5,grid_buy_rt_mw,13.423974360549328
flow,15,3.75,grid_buy_rt_mw,8.23118156775653
flow,16,4.0,grid_buy_rt_mw,4.867217603792561
flow,17,4.25,grid_buy_rt_mw,7.719469856044824
flow,18,4.5,grid_buy_rt_mw,0.0
flow,19,4.75,grid_buy_rt_mw,0.2054054054054042
flow,20,5.0,grid_buy_rt_mw,4.425225225225226
flow,21,5.25,grid_buy_rt_mw,5.836936936936937
flow,22,5.5,grid_buy_rt_mw,4.786486486486488
flow,23,5.75,grid_buy_rt_mw,6.618918918918915
flow,24,6.0,grid_buy_rt_mw,8.450450450450452
flow,25,6.25,grid_buy_rt_mw,3.420720720720721
flow,26,6.5,grid_buy_rt_mw,4.772072072072072
flow,27,6.75,grid_buy_rt_mw,5.281981981981982
flow,28,7.0,grid_buy_rt_mw,5.812612612612613
flow,29,7.25,grid_buy_rt_mw,3.980180180180181
flow,30,7.5,grid_buy_rt_mw,0.7513513513513495
flow,31,7.75,grid_buy_rt_mw,0.0
flow,32,8.0,grid_buy_rt_mw,0.0
flow,33,8.25,grid_buy_rt_mw,0.390990990990991
flow,34,8.5,grid_buy_rt_mw,5.691891891891894
flow,35,8.75,grid_buy_rt_mw,5.181981981981981
flow,36,9.0,grid_buy_rt_mw,3.3306306306306297
flow,37,9.25,grid_buy_rt_mw,0.8981981981981981
flow,38,9.5,grid_buy_rt_mw,0.0
flow,39,9.75,grid_buy_rt_mw,0.9432432432432448
flow,40,10.0,grid_buy_rt_mw,5.357657657657658
flow,41,10.25,grid_buy_rt_mw,6.168468468468465
flow,42,10.5,grid_buy_rt_mw,8.3
flow,43,10.75,grid_buy_rt_mw,6.258558558558558
flow,44,11.0,grid_buy_rt_mw,6.67837837837838
flow,45,11.25,grid_buy_rt_mw,6.799099099099099
flow,46,11.5,grid_buy_rt_mw,6.709009009009009
flow,47,11.75,grid_buy_rt_mw,6.288288288288289
flow,48,12.0,grid_buy_rt_mw,15.222522522522516
flow,49,12.25,grid_buy_rt_mw,14.231531531531529
flow,50,12.5,grid_buy_rt_mw,16.573873873873872
flow,51,12.75,grid_buy_rt_mw,19.8
flow,52,13.0,grid_buy_rt_mw,22.33333333333333
flow,53,13.25,grid_buy_rt_mw,21.853153153153148
flow,54,13.5,grid_buy_rt_mw,26.74504504504504
flow,55,13.75,grid_buy_rt_mw,31.486486486486484
flow,56,14.0,grid_buy_rt_mw,33.40810810810811
flow,57,14.25,grid_buy_rt_mw,33.16846846846847
flow,58,14.5,grid_buy_rt_mw,36.7990990990991
flow,59,14.75,grid_buy_rt_mw,36.31801801801802
flow,60,15.0,grid_buy_rt_mw,36.34864864864865
flow,61,15.25,grid_buy_rt_mw,34.997297297297294
flow,62,15.5,grid_buy_rt_mw,38.116216216216216
flow,63,15.75,grid_buy_rt_mw,38.08738738738739
flow,64,16.0,grid_buy_rt_mw,37.0963963963964
flow,65,16.25,grid_buy_rt_mw,37.96666666666667
flow,66,16.5,grid_buy_rt_mw,34.00630630630631
flow,67,16.75,grid_buy_rt_mw,34.88950520309334
flow,68,17.0,grid_buy_rt_mw,37.36666666666667
flow,69,17.25,grid_buy_rt_mw,37.45675675675676
flow,70,17.5,grid_buy_rt_mw,35.35765765765766
flow,71,17.75,grid_buy_rt_mw,39.07837837837838
flow,72,18.0,grid_buy_rt_mw,38.17747747747748
flow,73,18.25,grid_buy_rt_mw,36.73603603603604
flow,74,18.5,grid_buy_rt_mw,37.72702702702703
flow,75,18.75,grid_buy_rt_mw,36.70540540540541
flow,76,19.0,grid_buy_rt_mw,37.3954954954955
flow,77,19.25,grid_buy_rt_mw,37.06576576576577
flow,78,19.5,grid_buy_rt_mw,34.483783783783785
flow,79,19.75,grid_buy_rt_mw,35.65495495495496
flow,80,20.0,grid_buy_rt_mw,35.65495495495496
flow,81,20.25,grid_buy_rt_mw,31.87117117117117
flow,82,20.5,grid_buy_rt_mw,26.91621621621622
flow,83,20.75,grid_buy_rt_mw,25.92522522522523
flow,84,21.0,grid_buy_rt_mw,18.907207207207207
flow,85,21.25,grid_buy_rt_mw,24.222522522522524
flow,86,21.5,grid_buy_rt_mw,20.862162162162164
flow,87,21.75,grid_buy_rt_mw,13.39009009009009
flow,88,22.0,grid_buy_rt_mw,13.150450450450451
flow,89,22.25,grid_buy_rt_mw,14.411711711711712
flow,90,22.5,grid_buy_rt_mw,15.84954954954955
flow,91,22.75,grid_buy_rt_mw,16.57027027027027
flow,92,23.0,grid_buy_rt_mw,20.835135135135133
flow,93,23.25,grid_buy_rt_mw,23.55944977235297
flow,94,23.5,grid_buy_rt_mw,21.22792792792793
flow,95,23.75,grid_buy_rt_mw,20.718018018018014
flow,0,0.0,grid_sell_rt_mw,0.0
flow,1,0.25,grid_sell_rt_mw,0.0
flow,2,0.5,grid_sell_rt_mw,0.0
flow,3,0.75,grid_sell_rt_mw,0.0
flow,4,1.0,grid_sell_rt_mw,0.0
flow,5,1.25,grid_sell_rt_mw,0.0
flow,6,1.5,grid_sell_rt_mw,0.0
flow,7,1.75,grid_sell_rt_mw,0.0
flow,8,2.0,grid_sell_rt_mw,0.0
flow,9,2.25,grid_sell_rt_mw,0.0
flow,10,2.5,grid_sell_rt_mw,0.0
flow,11,2.75,grid_sell_rt_mw,0.0
flow,12,3.0,grid_sell_rt_mw,0.0
flow,13,3.25,grid_sell_rt_mw,0.0
flow,14,3.5,grid_sell_rt_mw,0.0
flow,15,3.75,grid_sell_rt_mw,0.0
flow,16,4.0,grid_sell_rt_mw,0.0
flow,17,4.25,grid_sell_rt_mw,0.0
flow,18,4.5,grid_sell_rt_mw,0.3180180180180194
flow,19,4.75,grid_sell_rt_mw,0.0
flow,20,5.0,grid_sell_rt_mw,0.0
flow,21,5.25,grid_sell_rt_mw,0.0
flow,22,5.5,grid_sell_rt_mw,0.0
flow,23,5.75,grid_sell_rt_mw,0.0
flow,24,6.0,grid_sell_rt_mw,0.0
flow,25,6.25,grid_sell_rt_mw,0.0
flow,26,6.5,grid_sell_rt_mw,0.0
flow,27,6.75,grid_sell_rt_mw,0.0
flow,28,7.0,grid_sell_rt_mw,0.0
flow,29,7.25,grid_sell_rt_mw,0.0
flow,30,7.5,grid_sell_rt_mw,0.0
flow,31,7.75,grid_sell_rt_mw,-0.0
flow,32,8.0,grid_sell_rt_mw,-0.0
flow,33,8.25,grid_sell_rt_mw,0.0
flow,34,8.5,grid_sell_rt_mw,0.0
flow,35,8.75,grid_sell_rt_mw,0.0
flow,36,9.0,grid_sell_rt_mw,0.0
flow,37,9.25,grid_sell_rt_mw,0.0
flow,38,9.5,grid_sell_rt_mw,3.552713678800501e-15
flow,39,9.75,grid_sell_rt_mw,0.0
flow,40,10.0,grid_sell_rt_mw,0.0
flow,41,10.25,grid_sell_rt_mw,0.0
flow,42,10.5,grid_sell_rt_mw,0.0
flow,43,10.75,grid_sell_rt_mw,0.0
flow,44,11.0,grid_sell_rt_mw,0.0
flow,45,11.25,grid_sell_rt_mw,0.0
flow,46,11.5,grid_sell_rt_mw,0.0
flow,47,11.75,grid_sell_rt_mw,0.0
flow,48,12.0,grid_sell_rt_mw,0.0
flow,49,12.25,grid_sell_rt_mw,0.0
flow,50,12.5,grid_sell_rt_mw,0.0
flow,51,12.75,grid_sell_rt_mw,0.0
flow,52,13.0,grid_sell_rt_mw,0.0
flow,53,13.25,grid_sell_rt_mw,0.0
flow,54,13.5,grid_sell_rt_mw,0.0
flow,55,13.75,grid_sell_rt_mw,0.0
flow,56,14.0,grid_sell_rt_mw,0.0
flow,57,14.25,grid_sell_rt_mw,0.0
flow,58,14.5,grid_sell_rt_mw,0.0
flow,59,14.75,grid_sell_rt_mw,0.0
flow,60,15.0,grid_sell_rt_mw,0.0
flow,61,15.25,grid_sell_rt_mw,0.0
flow,62,15.5,grid_sell_rt_mw,0.0
flow,63,15.75,grid_sell_rt_mw,0.0
flow,64,16.0,grid_sell_rt_mw,0.0
flow,65,16.25,grid_sell_rt_mw,0.0
flow,66,16.5,grid_sell_rt_mw,0.0
flow,67,16.75,grid_sell_rt_mw,0.0
flow,68,17.0,grid_sell_rt_mw,0.0
flow,69,17.25,grid_sell_rt_mw,0.0
flow,70,17.5,grid_sell_rt_mw,0.0
flow,71,17.75,grid_sell_rt_mw,0.0
flow,72,18.0,grid_sell_rt_mw,0.0
flow,73,18.25,grid_sell_rt_mw,0.0
flow,74,18.5,grid_sell_rt_mw,0.0
flow,75,18.75,grid_sell_rt_mw,0.0
flow,76,19.0,grid_sell_rt_mw,0.0
flow,77,19.25,grid_sell_rt_mw,0.0
flow,78,19.5,grid_sell_rt_mw,0.0
flow,79,19.75,grid_sell_rt_mw,0.0
flow,80,20.0,grid_sell_rt_mw,0.0
flow,81,20.25,grid_sell_rt_mw,0.0
flow,82,20.5,grid_sell_rt_mw,0.0
flow,83,20.75,grid_sell_rt_mw,0.0
flow,84,21.0,grid_sell_rt_mw,0.0
flow,85,21.25,grid_sell_rt_mw,0.0
flow,86,21.5,grid_sell_rt_mw,0.0
flow,87,21.75,grid_sell_rt_mw,0.0
flow,88,22.0,grid_sell_rt_mw,0.0
flow,89,22.25,grid_sell_rt_mw,0.0
flow,90,22.5,grid_sell_rt_mw,0.0
flow,91,22.75,grid_sell_rt_mw,0.0
flow,92,23.0,grid_sell_rt_mw,0.0
flow,93,23.25,grid_sell_rt_mw,0.0
flow,94,23.5,grid_sell_rt_mw,0.0
flow,95,23.75,grid_sell_rt_mw,0.0
flow,0,0.0,base_load_mw,2.5
flow,1,0.25,base_load_mw,2.5
flow,2,0.5,base_load_mw,2.5
flow,3,0.75,base_load_mw,2.5
flow,4,1.0,base_load_mw,2.5
flow,5,1.25,base_load_mw,2.5
flow,6,1.5,base_load_mw,2.5
flow,7,1.75,base_load_mw,2.5
flow,8,2.0,base_load_mw,2.5
flow,9,2.25,base_load_mw,2.5
flow,10,2.5,base_load_mw,2.5
flow,11,2.75,base_load_mw,2.5
flow,12,3.0,base_load_mw,2.5
flow,13,3.25,base_load_mw,2.5
flow,14,3.5,base_load_mw,2.5
flow,15,3.75,base_load_mw,2.5
flow,16,4.0,base_load_mw,2.5
flow,17,4.25,base_load_mw,2.5
flow,18,4.5,base_load_mw,2.5
flow,19,4.75,base_load_mw,2.5
flow,20,5.0,base_load_mw,2.5
flow,21,5.25,base_load_mw,2.5
flow,22,5.5,base_load_mw,2.5
flow,23,5.75,base_load_mw,2.5
flow,24,6.0,base_load_mw,2.5
flow,25,6.25,base_load_mw,2.5
flow,26,6.5,base_load_mw,2.5
flow,27,6.75,base_load_mw,2.5
flow,28,7.0,base_load_mw,2.5
flow,29,7.25,base_load_mw,2.5
flow,30,7.5,base_load_mw,2.5
flow,31,7.75,base_load_mw,2.5
flow,32,8.0,base_load_mw,2.5
flow,33,8.25,base_load_mw,2.5
flow,34,8.5,base_load_mw,2.5
flow,35,8.75,base_load_mw,2.5
flow,36,9.0,base_load_mw,2.5
flow,37,9.25,base_load_mw,2.5
flow,38,9.5,base_load_mw,2.5
flow,39,9.75,base_load_mw,2.5
flow,40,10.0,base_load_mw,2.5
flow,41,10.25,base_load_mw,2.5
flow,42,10.5,base_load_mw,2.5
flow,43,10.75,base_load_mw,2.5
flow,44,11.0,base_load_mw,2.5
flow,45,11.25,base_load_mw,2.5
flow,46,11.5,base_load_mw,2.5
flow,47,11.75,base_load_mw,2.5
flow,48,12.0,base_load_mw,2.5
flow,49,12.25,base_load_mw,2.5
flow,50,12.5,base_load_mw,2.5
flow,51,12.75,base_load_mw,2.5
flow,52,13.0,base_load_mw,2.5
flow,53,13.25,base_load_mw,2.5
flow,54,13.5,base_load_mw,2.5
flow,55,13.75,base_load_mw,2.5
flow,56,14.0,base_load_mw,2.5
flow,57,14.25,base_load_mw,2.5
flow,58,14.5,base_load_mw,2.5
flow,59,14.75,base_load_mw,2.5
flow,60,15.0,base_load_mw,2.5
flow,61,15.25,base_load_mw,2.5
flow,62,15.5,base_load_mw,2.5
flow,63,15.75,base_load_mw,2.5
flow,64,16.0,base_load_mw,2.5
flow,65,16.25,base_load_mw,2.5
flow,66,16.5,base_load_mw,2.5
flow,67,16.75,base_load_mw,2.5
flow,68,17.0,base_load_mw,2.5
flow,69,17.25,base_load_mw,2.5
flow,70,17.5,base_load_mw,2.5
flow,71,17.75,base_load_mw,2.5
flow,72,18.0,base_load_mw,2.5
flow,73,18.25,base_load_mw,2.5
flow,74,18.5,base_load_mw,2.5
flow,75,18.75,base_load_mw,2.5
flow,76,19.0,base_load_mw,2.5
flow,77,19.25,base_load_mw,2.5
flow,78,19.5,base_load_mw,2.5
flow,79,19.75,base_load_mw,2.5
flow,80,20.0,base_load_mw,2.5
flow,81,20.25,base_load_mw,2.5
flow,82,20.5,base_load_mw,2.5
flow,83,20.75,base_load_mw,2.5
flow,84,21.0,base_load_mw,2.5
flow,85,21.25,base_load_mw,2.5
flow,86,21.5,base_load_mw,2.5
flow,87,21.75,base_load_mw,2.5
flow,88,22.0,base_load_mw,2.5
flow,89,22.25,base_load_mw,2.5
flow,90,22.5,base_load_mw,2.5
flow,91,22.75,base_load_mw,2.5
flow,92,23.0,base_load_mw,2.5
flow,93,23.25,base_load_mw,2.5
flow,94,23.5,base_load_mw,2.5
flow,95,23.75,base_load_mw,2.5
flow,0,0.0,shore_power_nominal_mw,24.0
flow,1,0.25,shore_power_nominal_mw,24.0
flow,2,0.5,shore_power_nominal_mw,24.0
flow,3,0.75,shore_power_nominal_mw,24.0
flow,4,1.0,shore_power_nominal_mw,24.0
flow,5,1.25,shore_power_nominal_mw,24.0
flow,6,1.5,shore_power_nominal_mw,24.0
flow,7,1.75,shore_power_nominal_mw,21.0
flow,8,2.0,shore_power_nominal_mw,21.0
flow,9,2.25,shore_power_nominal_mw,21.0
flow,10,2.5,shore_power_nominal_mw,18.0
flow,11,2.75,shore_power_nominal_mw,18.0
flow,12,3.0,shore_power_nominal_mw,15.0
flow,13,3.25,shore_power_nominal_mw,15.0
flow,14,3.5,shore_power_nominal_mw,15.0
flow,15,3.75,shore_power_nominal_mw,12.0
flow,16,4.0,shore_power_nominal_mw,12.0
flow,17,4.25,shore_power_nominal_mw,12.0
flow,18,4.5,shore_power_nominal_mw,6.0
flow,19,4.75,shore_power_nominal_mw,6.0
flow,20,5.0,shore_power_nominal_mw,9.0
flow,21,5.25,shore_power_nominal_mw,9.0
flow,22,5.5,shore_power_nominal_mw,9.0
flow,23,5.75,shore_power_nominal_mw,9.0
flow,24,6.0,shore_power_nominal_mw,9.0
flow,25,6.25,shore_power_nominal_mw,6.0
flow,26,6.5,shore_power_nominal_mw,6.0
flow,27,6.75,shore_power_nominal_mw,6.0
flow,28,7.0,shore_power_nominal_mw,6.0
flow,29,7.25,shore_power_nominal_mw,6.0
flow,30,7.5,shore_power_nominal_mw,3.0
flow,31,7.75,shore_power_nominal_mw,3.0
flow,32,8.0,shore_power_nominal_mw,3.0
flow,33,8.25,shore_power_nominal_mw,3.0
flow,34,8.5,shore_power_nominal_mw,6.0
flow,35,8.75,shore_power_nominal_mw,6.0
flow,36,9.0,shore_power_nominal_mw,6.0
flow,37,9.25,shore_power_nominal_mw,6.0
flow,38,9.5,shore_power_nominal_mw,9.0
flow,39,9.75,shore_power_nominal_mw,9.0
flow,40,10.0,shore_power_nominal_mw,9.0
flow,41,10.25,shore_power_nominal_mw,9.0
flow,42,10.5,shore_power_nominal_mw,9.0
flow,43,10.75,shore_power_nominal_mw,9.0
flow,44,11.0,shore_power_nominal_mw,9.0
flow,45,11.25,shore_power_nominal_mw,9.0
flow,46,11.5,shore_power_nominal_mw,9.0
flow,47,11.75,shore_power_nominal_mw,9.0
flow,48,12.0,shore_power_nominal_mw,12.0
flow,49,12.25,shore_power_nominal_mw,12.0
flow,50,12.5,shore_power_nominal_mw,12.0
flow,51,12.75,shore_power_nominal_mw,15.0
flow,52,13.0,shore_power_nominal_mw,18.0
flow,53,13.25,shore_power_nominal_mw,18.0
flow,54,13.5,shore_power_nominal_mw,21.0
flow,55,13.75,shore_power_nominal_mw,24.0
flow,56,14.0,shore_power_nominal_mw,24.0
flow,57,14.25,shore_power_nominal_mw,24.0
flow,58,14.5,shore_power_nominal_mw,27.0
flow,59,14.75,shore_power_nominal_mw,27.0
flow,60,15.0,shore_power_nominal_mw,27.0
flow,61,15.25,shore_power_nominal_mw,27.0
flow,62,15.5,shore_power_nominal_mw,30.0
flow,63,15.75,shore_power_nominal_mw,30.0
flow,64,16.0,shore_power_nominal_mw,30.0
flow,65,16.25,shore_power_nominal_mw,30.0
flow,66,16.5,shore_power_nominal_mw,27.0
flow,67,16.75,shore_power_nominal_mw,27.0
flow,68,17.0,shore_power_nominal_mw,30.0
flow,69,17.25,shore_power_nominal_mw,30.0
flow,70,17.5,shore_power_nominal_mw,27.0
flow,71,17.75,shore_power_nominal_mw,30.0
flow,72,18.0,shore_power_nominal_mw,30.0
flow,73,18.25,shore_power_nominal_mw,30.0
flow,74,18.5,shore_power_nominal_mw,30.0
flow,75,18.75,shore_power_nominal_mw,30.0
flow,76,19.0,shore_power_nominal_mw,30.0
flow,77,19.25,shore_power_nominal_mw,30.0
flow,78,19.5,shore_power_nominal_mw,30.0
flow,79,19.75,shore_power_nominal_mw,30.0
flow,80,20.0,shore_power_nominal_mw,27.0
flow,81,20.25,shore_power_nominal_mw,27.0
flow,82,20.5,shore_power_nominal_mw,27.0
flow,83,20.75,shore_power_nominal_mw,24.0
flow,84,21.0,shore_power_nominal_mw,18.0
flow,85,21.25,shore_power_nominal_mw,18.0
flow,86,21.5,shore_power_nominal_mw,15.0
flow,87,21.75,shore_power_nominal_mw,12.0
flow,88,22.0,shore_power_nominal_mw,12.0
flow,89,22.25,shore_power_nominal_mw,12.0
flow,90,22.5,shore_power_nominal_mw,15.0
flow,91,22.75,shore_power_nominal_mw,15.0
flow,92,23.0,shore_power_nominal_mw,15.0
flow,93,23.25,shore_power_nominal_mw,15.0
flow,94,23.5,shore_power_nominal_mw,12.0
flow,95,23.75,shore_power_nominal_mw,12.0
flow,0,0.0,shore_power_worst_mw,24.0
flow,1,0.25,shore_power_worst_mw,24.0
flow,2,0.5,shore_power_worst_mw,24.0
flow,3,0.75,shore_power_worst_mw,24.0
flow,4,1.0,shore_power_worst_mw,24.0
flow,5,1.25,shore_power_worst_mw,24.0
flow,6,1.5,shore_power_worst_mw,24.0
flow,7,1.75,shore_power_worst_mw,21.0
flow,8,2.0,shore_power_worst_mw,21.0
flow,9,2.25,shore_power_worst_mw,21.0
flow,10,2.5,shore_power_worst_mw,18.0
flow,11,2.75,shore_power_worst_mw,18.0
flow,12,3.0,shore_power_worst_mw,15.0
flow,13,3.25,shore_power_worst_mw,15.0
flow,14,3.5,shore_power_worst_mw,15.0
flow,15,3.75,shore_power_worst_mw,12.0
flow,16,4.0,shore_power_worst_mw,12.0
flow,17,4.25,shore_power_worst_mw,12.0
flow,18,4.5,shore_power_worst_mw,6.0
flow,19,4.75,shore_power_worst_mw,6.0
flow,20,5.0,shore_power_worst_mw,9.0
flow,21,5.25,shore_power_worst_mw,9.0
flow,22,5.5,shore_power_worst_mw,9.0
flow,23,5.75,shore_power_worst_mw,9.0
flow,24,6.0,shore_power_worst_mw,9.0
flow,25,6.25,shore_power_worst_mw,6.0
flow,26,6.5,shore_power_worst_mw,6.0
flow,27,6.75,shore_power_worst_mw,6.0
flow,28,7.0,shore_power_worst_mw,6.0
flow,29,7.25,shore_power_worst_mw,6.0
flow,30,7.5,shore_power_worst_mw,3.0
flow,31,7.75,shore_power_worst_mw,3.0
flow,32,8.0,shore_power_worst_mw,3.0
flow,33,8.25,shore_power_worst_mw,3.0
flow,34,8.5,shore_power_worst_mw,6.0
flow,35,8.75,shore_power_worst_mw,6.0
flow,36,9.0,shore_power_worst_mw,6.0
flow,37,9.25,shore_power_worst_mw,6.0
flow,38,9.5,shore_power_worst_mw,9.0
flow,39,9.75,shore_power_worst_mw,9.0
flow,40,10.0,shore_power_worst_mw,9.0
flow,41,10.25,shore_power_worst_mw,9.0
flow,42,10.5,shore_power_worst_mw,9.0
flow,43,10.75,shore_power_worst_mw,9.0
flow,44,11.0,shore_power_worst_mw,9.0
flow,45,11.25,shore_power_worst_mw,9.0
flow,46,11.5,shore_power_worst_mw,9.0
flow,47,11.75,shore_power_worst_mw,9.0
flow,48,12.0,shore_power_worst_mw,9.0
flow,49,12.25,shore_power_worst_mw,9.0
flow,50,12.5,shore_power_worst_mw,9.0
flow,51,12.75,shore_power_worst_mw,9.0
flow,52,13.0,shore_power_worst_mw,15.0
flow,53,13.25,shore_power_worst_mw,15.0
flow,54,13.5,shore_power_worst_mw,18.0
flow,55,13.75,shore_power_worst_mw,24.0
flow,56,14.0,shore_power_worst_mw,24.0
flow,57,14.25,shore_power_worst_mw,24.0
flow,58,14.5,shore_power_worst_mw,27.0
flow,59,14.75,shore_power_worst_mw,27.0
flow,60,15.0,shore_power_worst_mw,27.0
flow,61,15.25,shore_power_worst_mw,27.0
flow,62,15.5,shore_power_worst_mw,30.0
flow,63,15.75,shore_power_worst_mw,30.0
flow,64,16.0,shore_power_worst_mw,30.0
flow,65,16.25,shore_power_worst_mw,30.0
flow,66,16.5,shore_power_worst_mw,27.0
flow,67,16.75,shore_power_worst_mw,27.0
flow,68,17.0,shore_power_worst_mw,30.0
flow,69,17.25,shore_power_worst_mw,30.0
flow,70,17.5,shore_power_worst_mw,27.0
flow,71,17.75,shore_power_worst_mw,30.0
flow,72,18.0,shore_power_worst_mw,30.0
flow,73,18.25,shore_power_worst_mw,30.0
flow,74,18.5,shore_power_worst_mw,30.0
flow,75,18.75,shore_power_worst_mw,30.0
flow,76,19.0,shore_power_worst_mw,30.0
flow,77,19.25,shore_power_worst_mw,30.0
flow,78,19.5,shore_power_worst_mw,30.0
flow,79,19.75,shore_power_worst_mw,30.0
flow,80,20.0,shore_power_worst_mw,30.0
flow,81,20.25,shore_power_worst_mw,30.0
flow,82,20.5,shore_power_worst_mw,30.0
flow,83,20.75,shore_power_worst_mw,30.0
flow,84,21.0,shore_power_worst_mw,21.0
flow,85,21.25,shore_power_worst_mw,21.0
flow,86,21.5,shore_power_worst_mw,18.0
flow,87,21.75,shore_power_worst_mw,12.0
flow,88,22.0,shore_power_worst_mw,12.0
flow,89,22.25,shore_power_worst_mw,12.0
flow,90,22.5,shore_power_worst_mw,15.0
flow,91,22.75,shore_power_worst_mw,15.0
flow,92,23.0,shore_power_worst_mw,15.0
flow,93,23.25,shore_power_worst_mw,15.0
flow,94,23.5,shore_power_worst_mw,12.0
flow,95,23.75,shore_power_worst_mw,12.0
flow,0,0.0,quay_crane_power_nominal_mw,8.0
flow,1,0.25,quay_crane_power_nominal_mw,8.0
flow,2,0.5,quay_crane_power_nominal_mw,8.0
flow,3,0.75,quay_crane_power_nominal_mw,8.0
flow,4,1.0,quay_crane_power_nominal_mw,8.0
flow,5,1.25,quay_crane_power_nominal_mw,8.0
flow,6,1.5,quay_crane_power_nominal_mw,8.0
flow,7,1.75,quay_crane_power_nominal_mw,8.0
flow,8,2.0,quay_crane_power_nominal_mw,8.0
flow,9,2.25,quay_crane_power_nominal_mw,8.0
flow,10,2.5,quay_crane_power_nominal_mw,8.0
flow,11,2.75,quay_crane_power_nominal_mw,8.0
flow,12,3.0,quay_crane_power_nominal_mw,8.0
flow,13,3.25,quay_crane_power_nominal_mw,8.0
flow,14,3.5,quay_crane_power_nominal_mw,8.0
flow,15,3.75,quay_crane_power_nominal_mw,8.0
flow,16,4.0,quay_crane_power_nominal_mw,8.0
flow,17,4.25,quay_crane_power_nominal_mw,8.0
flow,18,4.5,quay_crane_power_nominal_mw,4.0
flow,19,4.75,quay_crane_power_nominal_mw,4.0
flow,20,5.0,quay_crane_power_nominal_mw,6.0
flow,21,5.25,quay_crane_power_nominal_mw,6.0
flow,22,5.5,quay_crane_power_nominal_mw,6.0
flow,23,5.75,quay_crane_power_nominal_mw,6.0
flow,24,6.0,quay_crane_power_nominal_mw,6.0
flow,25,6.25,quay_crane_power_nominal_mw,4.0
flow,26,6.5,quay_crane_power_nominal_mw,4.0
flow,27,6.75,quay_crane_power_nominal_mw,4.0
flow,28,7.0,quay_crane_power_nominal_mw,4.0
flow,29,7.25,quay_crane_power_nominal_mw,4.0
flow,30,7.5,quay_crane_power_nominal_mw,2.0
flow,31,7.75,quay_crane_power_nominal_mw,2.0
flow,32,8.0,quay_crane_power_nominal_mw,2.0
flow,33,8.25,quay_crane_power_nominal_mw,2.0
flow,34,8.5,quay_crane_power_nominal_mw,4.0
flow,35,8.75,quay_crane_power_nominal_mw,4.0
flow,36,9.0,quay_crane_power_nominal_mw,4.0
flow,37,9.25,quay_crane_power_nominal_mw,4.0
flow,38,9.5,quay_crane_power_nominal_mw,6.0
flow,39,9.75,quay_crane_power_nominal_mw,6.0
flow,40,10.0,quay_crane_power_nominal_mw,6.0
flow,41,10.25,quay_crane_power_nominal_mw,6.0
flow,42,10.5,quay_crane_power_nominal_mw,6.0
flow,43,10.75,quay_crane_power_nominal_mw,6.0
flow,44,11.0,quay_crane_power_nominal_mw,6.0
flow,45,11.25,quay_crane_power_nominal_mw,6.0
flow,46,11.5,quay_crane_power_nominal_mw,6.0
flow,47,11.75,quay_crane_power_nominal_mw,6.0
flow,48,12.0,quay_crane_power_nominal_mw,8.0
flow,49,12.25,quay_crane_power_nominal_mw,8.0
flow,50,12.5,quay_crane_power_nominal_mw,8.0
flow,51,12.75,quay_crane_power_nominal_mw,8.0
flow,52,13.0,quay_crane_power_nominal_mw,8.0
flow,53,13.25,quay_crane_power_nominal_mw,8.0
flow,54,13.5,quay_crane_power_nominal_mw,8.0
flow,55,13.75,quay_crane_power_nominal_mw,8.0
flow,56,14.0,quay_crane_power_nominal_mw,8.0
flow,57,14.25,quay_crane_power_nominal_mw,8.0
flow,58,14.5,quay_crane_power_nominal_mw,8.0
flow,59,14.75,quay_crane_power_nominal_mw,8.0
flow,60,15.0,quay_crane_power_nominal_mw,8.0
flow,61,15.25,quay_crane_power_nominal_mw,8.0
flow,62,15.5,quay_crane_power_nominal_mw,8.0
flow,63,15.75,quay_crane_power_nominal_mw,8.0
flow,64,16.0,quay_crane_power_nominal_mw,8.0
flow,65,16.25,quay_crane_power_nominal_mw,8.0
flow,66,16.5,quay_crane_power_nominal_mw,8.0
flow,67,16.75,quay_crane_power_nominal_mw,8.0
flow,68,17.0,quay_crane_power_nominal_mw,8.0
flow,69,17.25,quay_crane_power_nominal_mw,8.0
flow,70,17.5,quay_crane_power_nominal_mw,8.0
flow,71,17.75,quay_crane_power_nominal_mw,8.0
flow,72,18.0,quay_crane_power_nominal_mw,8.0
flow,73,18.25,quay_crane_power_nominal_mw,8.0
flow,74,18.5,quay_crane_power_nominal_mw,8.0
flow,75,18.75,quay_crane_power_nominal_mw,8.0
flow,76,19.0,quay_crane_power_nominal_mw,8.0
flow,77,19.25,quay_crane_power_nominal_mw,8.0
flow,78,19.5,quay_crane_power_nominal_mw,8.0
flow,79,19.75,quay_crane_power_nominal_mw,8.0
flow,80,20.0,quay_crane_power_nominal_mw,8.0
flow,81,20.25,quay_crane_power_nominal_mw,8.0
flow,82,20.5,quay_crane_power_nominal_mw,8.0
flow,83,20.75,quay_crane_power_nominal_mw,8.0
flow,84,21.0,quay_crane_power_nominal_mw,8.0
flow,85,21.25,quay_crane_power_nominal_mw,8.0
flow,86,21.5,quay_crane_power_nominal_mw,8.0
flow,87,21.75,quay_crane_power_nominal_mw,8.0
flow,88,22.0,quay_crane_power_nominal_mw,8.0
flow,89,22.25,quay_crane_power_nominal_mw,8.0
flow,90,22.5,quay_crane_power_nominal_mw,8.0
flow,91,22.75,quay_crane_power_nominal_mw,8.0
flow,92,23.0,quay_crane_power_nominal_mw,8.0
flow,93,23.25,quay_crane_power_nominal_mw,8.0
flow,94,23.5,quay_crane_power_nominal_mw,8.0
flow,95,23.75,quay_crane_power_nominal_mw,8.0
flow,0,0.0,quay_crane_power_worst_mw,8.0
flow,1,0.25,quay_crane_power_worst_mw,8.0
flow,2,0.5,quay_crane_power_worst_mw,8.0
flow,3,0.75,quay_crane_power_worst_mw,8.0
flow,4,1.0,quay_crane_power_worst_mw,8.0
flow,5,1.25,quay_crane_power_worst_mw,8.0
flow,6,1.5,quay_crane_power_worst_mw,8.0
flow,7,1.75,quay_crane_power_worst_mw,8.0
flow,8,2.0,quay_crane_power_worst_mw,8.0
flow,9,2.25,quay_crane_power_worst_mw,8.0
flow,10,2.5,quay_crane_power_worst_mw,8.0
flow,11,2.75,quay_crane_power_worst_mw,8.0
flow,12,3.0,quay_crane_power_worst_mw,8.0
flow,13,3.25,quay_crane_power_worst_mw,8.0
flow,14,3.5,quay_crane_power_worst_mw,8.0
flow,15,3.75,quay_crane_power_worst_mw,8.0
flow,16,4.0,quay_crane_power_worst_mw,8.0
flow,17,4.25,quay_crane_power_worst_mw,8.0
flow,18,4.5,quay_crane_power_worst_mw,4.0
flow,19,4.75,quay_crane_power_worst_mw,4.0
flow,20,5.0,quay_crane_power_worst_mw,6.0
flow,21,5.25,quay_crane_power_worst_mw,6.0
flow,22,5.5,quay_crane_power_worst_mw,6.0
flow,23,5.75,quay_crane_power_worst_mw,6.0
flow,24,6.0,quay_crane_power_worst_mw,6.0
flow,25,6.25,quay_crane_power_worst_mw,4.0
flow,26,6.5,quay_crane_power_worst_mw,4.0
flow,27,6.75,quay_crane_power_worst_mw,4.0
flow,28,7.0,quay_crane_power_worst_mw,4.0
flow,29,7.25,quay_crane_power_worst_mw,4.0
flow,30,7.5,quay_crane_power_worst_mw,2.0
flow,31,7.75,quay_crane_power_worst_mw,2.0
flow,32,8.0,quay_crane_power_worst_mw,2.0
flow,33,8.25,quay_crane_power_worst_mw,2.0
flow,34,8.5,quay_crane_power_worst_mw,4.0
flow,35,8.75,quay_crane_power_worst_mw,4.0
flow,36,9.0,quay_crane_power_worst_mw,4.0
flow,37,9.25,quay_crane_power_worst_mw,4.0
flow,38,9.5,quay_crane_power_worst_mw,6.0
flow,39,9.75,quay_crane_power_worst_mw,6.0
flow,40,10.0,quay_crane_power_worst_mw,6.0
flow,41,10.25,quay_crane_power_worst_mw,6.0
flow,42,10.5,quay_crane_power_worst_mw,6.0
flow,43,10.75,quay_crane_power_worst_mw,6.0
flow,44,11.0,quay_crane_power_worst_mw,6.0
flow,45,11.25,quay_crane_power_worst_mw,6.0
flow,46,11.5,quay_crane_power_worst_mw,6.0
flow,47,11.75,quay_crane_power_worst_mw,6.0
flow,48,12.0,quay_crane_power_worst_mw,6.0
flow,49,12.25,quay_crane_power_worst_mw,6.0
flow,50,12.5,quay_crane_power_worst_mw,6.0
flow,51,12.75,quay_crane_power_worst_mw,6.0
flow,52,13.0,quay_crane_power_worst_mw,8.0
flow,53,13.25,quay_crane_power_worst_mw,8.0
flow,54,13.5,quay_crane_power_worst_mw,8.0
flow,55,13.75,quay_crane_power_worst_mw,8.0
flow,56,14.0,quay_crane_power_worst_mw,8.0
flow,57,14.25,quay_crane_power_worst_mw,8.0
flow,58,14.5,quay_crane_power_worst_mw,8.0
flow,59,14.75,quay_crane_power_worst_mw,8.0
flow,60,15.0,quay_crane_power_worst_mw,8.0
flow,61,15.25,quay_crane_power_worst_mw,8.0
flow,62,15.5,quay_crane_power_worst_mw,8.0
flow,63,15.75,quay_crane_power_worst_mw,8.0
flow,64,16.0,quay_crane_power_worst_mw,8.0
flow,65,16.25,quay_crane_power_worst_mw,8.0
flow,66,16.5,quay_crane_power_worst_mw,8.0
flow,67,16.75,quay_crane_power_worst_mw,8.0
flow,68,17.0,quay_crane_power_worst_mw,8.0
flow,69,17.25,quay_crane_power_worst_mw,8.0
flow,70,17.5,quay_crane_power_worst_mw,8.0
flow,71,17.75,quay_crane_power_worst_mw,8.0
flow,72,18.0,quay_crane_power_worst_mw,8.0
flow,73,18.25,quay_crane_power_worst_mw,8.0
flow,74,18.5,quay_crane_power_worst_mw,8.0
flow,75,18.75,quay_crane_power_worst_mw,8.0
flow,76,19.0,quay_crane_power_worst_mw,8.0
flow,77,19.25,quay_crane_power_worst_mw,8.0
flow,78,19.5,quay_crane_power_worst_mw,8.0
flow,79,19.75,quay_crane_power_worst_mw,8.0
flow,80,20.0,quay_crane_power_worst_mw,8.0
flow,81,20.25,quay_crane_power_worst_mw,8.0
flow,82,20.5,quay_crane_power_worst_mw,8.0
flow,83,20.75,quay_crane_power_worst_mw,8.0
flow,84,21.0,quay_crane_power_worst_mw,8.0
flow,85,21.25,quay_crane_power_worst_mw,8.0
flow,86,21.5,quay_crane_power_worst_mw,8.0
flow,87,21.75,quay_crane_power_worst_mw,8.0
flow,88,22.0,quay_crane_power_worst_mw,8.0
flow,89,22.25,quay_crane_power_worst_mw,8.0
flow,90,22.5,quay_crane_power_worst_mw,8.0
flow,91,22.75,quay_crane_power_worst_mw,8.0
flow,92,23.0,quay_crane_power_worst_mw,8.0
flow,93,23.25,quay_crane_power_worst_mw,8.0
flow,94,23.5,quay_crane_power_worst_mw,8.0
flow,95,23.75,quay_crane_power_worst_mw,8.0
flow,0,0.0,lohc_power_da_mw,0.3266770632520295
flow,1,0.25,lohc_power_da_mw,0.3266770632520295
flow,2,0.5,lohc_power_da_mw,0.3266770632520295
flow,3,0.75,lohc_power_da_mw,0.3266770632520295
flow,4,1.0,lohc_power_da_mw,0.3266770632520295
flow,5,1.25,lohc_power_da_mw,0.3266770632520295
flow,6,1.5,lohc_power_da_mw,0.3266770632520295
flow,7,1.75,lohc_power_da_mw,0.3266770632520295
flow,8,2.0,lohc_power_da_mw,0.3266770632520295
flow,9,2.25,lohc_power_da_mw,0.3266770632520295
flow,10,2.5,lohc_power_da_mw,0.3266770632520295
flow,11,2.75,lohc_power_da_mw,0.3266770632520295
flow,12,3.0,lohc_power_da_mw,0.3266770632520295
flow,13,3.25,lohc_power_da_mw,0.3266770632520295
flow,14,3.5,lohc_power_da_mw,0.3266770632520295
flow,15,3.75,lohc_power_da_mw,0.3266770632520295
flow,16,4.0,lohc_power_da_mw,0.3266770632520295
flow,17,4.25,lohc_power_da_mw,0.3266770632520295
flow,18,4.5,lohc_power_da_mw,2.5
flow,19,4.75,lohc_power_da_mw,0.2
flow,20,5.0,lohc_power_da_mw,0.2
flow,21,5.25,lohc_power_da_mw,0.2
flow,22,5.5,lohc_power_da_mw,0.2
flow,23,5.75,lohc_power_da_mw,0.2
flow,24,6.0,lohc_power_da_mw,0.2
flow,25,6.25,lohc_power_da_mw,0.2
flow,26,6.5,lohc_power_da_mw,0.2
flow,27,6.75,lohc_power_da_mw,0.2
flow,28,7.0,lohc_power_da_mw,0.2
flow,29,7.25,lohc_power_da_mw,0.2
flow,30,7.5,lohc_power_da_mw,0.2
flow,31,7.75,lohc_power_da_mw,0.2
flow,32,8.0,lohc_power_da_mw,0.2
flow,33,8.25,lohc_power_da_mw,0.2
flow,34,8.5,lohc_power_da_mw,0.2
flow,35,8.75,lohc_power_da_mw,0.2
flow,36,9.0,lohc_power_da_mw,0.2
flow,37,9.25,lohc_power_da_mw,0.2
flow,38,9.5,lohc_power_da_mw,0.2
flow,39,9.75,lohc_power_da_mw,0.2
flow,40,10.0,lohc_power_da_mw,0.2
flow,41,10.25,lohc_power_da_mw,0.2
flow,42,10.5,lohc_power_da_mw,0.2
flow,43,10.75,lohc_power_da_mw,0.2
flow,44,11.0,lohc_power_da_mw,0.2
flow,45,11.25,lohc_power_da_mw,0.2
flow,46,11.5,lohc_power_da_mw,0.2
flow,47,11.75,lohc_power_da_mw,0.2
flow,48,12.0,lohc_power_da_mw,0.2
flow,49,12.25,lohc_power_da_mw,0.2
flow,50,12.5,lohc_power_da_mw,0.2
flow,51,12.75,lohc_power_da_mw,0.2
flow,52,13.0,lohc_power_da_mw,0.2
flow,53,13.25,lohc_power_da_mw,0.2
flow,54,13.5,lohc_power_da_mw,0.2
flow,55,13.75,lohc_power_da_mw,0.2
flow,56,14.0,lohc_power_da_mw,0.2
flow,57,14.25,lohc_power_da_mw,0.2
flow,58,14.5,lohc_power_da_mw,0.2
flow,59,14.75,lohc_power_da_mw,0.2
flow,60,15.0,lohc_power_da_mw,0.2
flow,61,15.25,lohc_power_da_mw,0.2
flow,62,15.5,lohc_power_da_mw,0.2
flow,63,15.75,lohc_power_da_mw,0.2
flow,64,16.0,lohc_power_da_mw,0.2
flow,65,16.25,lohc_power_da_mw,0.2
flow,66,16.5,lohc_power_da_mw,0.2
flow,67,16.75,lohc_power_da_mw,0.2
flow,68,17.0,lohc_power_da_mw,0.2
flow,69,17.25,lohc_power_da_mw,0.2
flow,70,17.5,lohc_power_da_mw,0.2
flow,71,17.75,lohc_power_da_mw,0.2000000000000028
flow,72,18.0,lohc_power_da_mw,0.2
flow,73,18.25,lohc_power_da_mw,0.2
flow,74,18.5,lohc_power_da_mw,0.2
flow,75,18.75,lohc_power_da_mw,0.2
flow,76,19.0,lohc_power_da_mw,0.2
flow,77,19.25,lohc_power_da_mw,0.2
flow,78,19.5,lohc_power_da_mw,0.2
flow,79,19.75,lohc_power_da_mw,0.2
flow,80,20.0,lohc_power_da_mw,0.2
flow,81,20.25,lohc_power_da_mw,0.2
flow,82,20.5,lohc_power_da_mw,0.2
flow,83,20.75,lohc_power_da_mw,0.2
flow,84,21.0,lohc_power_da_mw,0.2
flow,85,21.25,lohc_power_da_mw,0.2
flow,86,21.5,lohc_power_da_mw,0.2
flow,87,21.75,lohc_power_da_mw,0.2
flow,88,22.0,lohc_power_da_mw,0.200000000000001
flow,89,22.25,lohc_power_da_mw,0.2
flow,90,22.5,lohc_power_da_mw,0.2
flow,91,22.75,lohc_power_da_mw,0.2
flow,92,23.0,lohc_power_da_mw,0.2
flow,93,23.25,lohc_power_da_mw,0.2
flow,94,23.5,lohc_power_da_mw,0.2
flow,95,23.75,lohc_power_da_mw,0.2
flow,0,0.0,lohc_power_rt_mw,0.3266770632520295
flow,1,0.25,lohc_power_rt_mw,0.3266770632520295
flow,2,0.5,lohc_power_rt_mw,0.3266770632520295
flow,3,0.75,lohc_power_rt_mw,0.3266770632520295
flow,4,1.0,lohc_power_rt_mw,0.3266770632520295
flow,5,1.25,lohc_power_rt_mw,0.3266770632520295
flow,6,1.5,lohc_power_rt_mw,0.3266770632520295
flow,7,1.75,lohc_power_rt_mw,0.3266770632520295
flow,8,2.0,lohc_power_rt_mw,0.3266770632520295
flow,9,2.25,lohc_power_rt_mw,0.3266770632520295
flow,10,2.5,lohc_power_rt_mw,0.3266770632520295
flow,11,2.75,lohc_power_rt_mw,0.3266770632520295
flow,12,3.0,lohc_power_rt_mw,0.3266770632520295
flow,13,3.25,lohc_power_rt_mw,0.3266770632520295
flow,14,3.5,lohc_power_rt_mw,0.3266770632520295
flow,15,3.75,lohc_power_rt_mw,0.3266770632520295
flow,16,4.0,lohc_power_rt_mw,0.3266770632520295
flow,17,4.25,lohc_power_rt_mw,0.3266770632520295
flow,18,4.5,lohc_power_rt_mw,2.5
flow,19,4.75,lohc_power_rt_mw,0.2
flow,20,5.0,lohc_power_rt_mw,0.2
flow,21,5.25,lohc_power_rt_mw,0.2
flow,22,5.5,lohc_power_rt_mw,0.2
flow,23,5.75,lohc_power_rt_mw,0.2
flow,24,6.0,lohc_power_rt_mw,0.1999999999999982
flow,25,6.25,lohc_power_rt_mw,0.2
flow,26,6.5,lohc_power_rt_mw,0.2
flow,27,6.75,lohc_power_rt_mw,0.2
flow,28,7.0,lohc_power_rt_mw,0.2
flow,29,7.25,lohc_power_rt_mw,0.2
flow,30,7.5,lohc_power_rt_mw,0.2
flow,31,7.75,lohc_power_rt_mw,0.2000000000000001
flow,32,8.0,lohc_power_rt_mw,0.2
flow,33,8.25,lohc_power_rt_mw,0.2000000000000006
flow,34,8.5,lohc_power_rt_mw,0.2
flow,35,8.75,lohc_power_rt_mw,0.2
flow,36,9.0,lohc_power_rt_mw,0.2
flow,37,9.25,lohc_power_rt_mw,0.2
flow,38,9.5,lohc_power_rt_mw,0.2
flow,39,9.75,lohc_power_rt_mw,0.2
flow,40,10.0,lohc_power_rt_mw,0.2
flow,41,10.25,lohc_power_rt_mw,0.2
flow,42,10.5,lohc_power_rt_mw,0.2
flow,43,10.75,lohc_power_rt_mw,0.2
flow,44,11.0,lohc_power_rt_mw,0.2
flow,45,11.25,lohc_power_rt_mw,0.2
flow,46,11.5,lohc_power_rt_mw,0.2
flow,47,11.75,lohc_power_rt_mw,0.2
flow,48,12.0,lohc_power_rt_mw,1.4
flow,49,12.25,lohc_power_rt_mw,1.4
flow,50,12.5,lohc_power_rt_mw,1.4
flow,51,12.75,lohc_power_rt_mw,1.4
flow,52,13.0,lohc_power_rt_mw,1.4
flow,53,13.25,lohc_power_rt_mw,1.4
flow,54,13.5,lohc_power_rt_mw,1.4
flow,55,13.75,lohc_power_rt_mw,0.2
flow,56,14.0,lohc_power_rt_mw,0.2
flow,57,14.25,lohc_power_rt_mw,0.2
flow,58,14.5,lohc_power_rt_mw,0.2
flow,59,14.75,lohc_power_rt_mw,0.2
flow,60,15.0,lohc_power_rt_mw,0.2
flow,61,15.25,lohc_power_rt_mw,0.1999999999999943
flow,62,15.5,lohc_power_rt_mw,1.4
flow,63,15.75,lohc_power_rt_mw,0.2
flow,64,16.0,lohc_power_rt_mw,0.2
flow,65,16.25,lohc_power_rt_mw,0.2
flow,66,16.5,lohc_power_rt_mw,0.2
flow,67,16.75,lohc_power_rt_mw,0.2
flow,68,17.0,lohc_power_rt_mw,0.2
flow,69,17.25,lohc_power_rt_mw,0.2
flow,70,17.5,lohc_power_rt_mw,0.2
flow,71,17.75,lohc_power_rt_mw,0.2
flow,72,18.0,lohc_power_rt_mw,0.2
flow,73,18.25,lohc_power_rt_mw,0.2
flow,74,18.5,lohc_power_rt_mw,0.2
flow,75,18.75,lohc_power_rt_mw,0.2
flow,76,19.0,lohc_power_rt_mw,0.2
flow,77,19.25,lohc_power_rt_mw,0.2
flow,78,19.5,lohc_power_rt_mw,0.2
flow,79,19.75,lohc_power_rt_mw,0.2
flow,80,20.0,lohc_power_rt_mw,0.2
flow,81,20.25,lohc_power_rt_mw,0.2
flow,82,20.5,lohc_power_rt_mw,0.2
flow,83,20.75,lohc_power_rt_mw,0.2
flow,84,21.0,lohc_power_rt_mw,0.2
flow,85,21.25,lohc_power_rt_mw,0.2
flow,86,21.5,lohc_power_rt_mw,0.2
flow,87,21.75,lohc_power_rt_mw,0.2
flow,88,22.0,lohc_power_rt_mw,0.2
flow,89,22.25,lohc_power_rt_mw,0.2
flow,90,22.5,lohc_power_rt_mw,0.2
flow,91,22.75,lohc_power_rt_mw,0.2
flow,92,23.0,lohc_power_rt_mw,0.2
flow,93,23.25,lohc_power_rt_mw,0.2
flow,94,23.5,lohc_power_rt_mw,0.2
flow,95,23.75,lohc_power_rt_mw,0.2
flow,0,0.0,agv_charge_power_da_mw,0.0
flow,1,0.25,agv_charge_power_da_mw,0.0
flow,2,0.5,agv_charge_power_da_mw,0.0
flow,3,0.75,agv_charge_power_da_mw,0.0
flow,4,1.0,agv_charge_power_da_mw,0.0
flow,5,1.25,agv_charge_power_da_mw,0.0
flow,6,1.5,agv_charge_power_da_mw,0.0
flow,7,1.75,agv_charge_power_da_mw,0.0
flow,8,2.0,agv_charge_power_da_mw,0.6
flow,9,2.25,agv_charge_power_da_mw,0.5733229367479742
flow,10,2.5,agv_charge_power_da_mw,1.173322936747974
flow,11,2.75,agv_charge_power_da_mw,0.5733229367479742
flow,12,3.0,agv_charge_power_da_mw,0.0
flow,13,3.25,agv_charge_power_da_mw,0.0
flow,14,3.5,agv_charge_power_da_mw,0.29999999999999644
flow,15,3.75,agv_charge_power_da_mw,0.8999999999999964
flow,16,4.0,agv_charge_power_da_mw,1.4999999999999964
flow,17,4.25,agv_charge_power_da_mw,2.1
flow,18,4.5,agv_charge_power_da_mw,2.7
flow,19,4.75,agv_charge_power_da_mw,2.1
flow,20,5.0,agv_charge_power_da_mw,1.5
flow,21,5.25,agv_charge_power_da_mw,0.9
flow,22,5.5,agv_charge_power_da_mw,0.6
flow,23,5.75,agv_charge_power_da_mw,0.0
flow,24,6.0,agv_charge_power_da_mw,0.3
flow,25,6.25,agv_charge_power_da_mw,0.0
flow,26,6.5,agv_charge_power_da_mw,0.0
flow,27,6.75,agv_charge_power_da_mw,0.6
flow,28,7.0,agv_charge_power_da_mw,0.49999999999999983
flow,29,7.25,agv_charge_power_da_mw,1.0999999999999999
flow,30,7.5,agv_charge_power_da_mw,1.6999999999999997
flow,31,7.75,agv_charge_power_da_mw,2.3
flow,32,8.0,agv_charge_power_da_mw,2.3
flow,33,8.25,agv_charge_power_da_mw,1.6999999999999997
flow,34,8.5,agv_charge_power_da_mw,1.0999999999999999
flow,35,8.75,agv_charge_power_da_mw,0.49999999999999994
flow,36,9.0,agv_charge_power_da_mw,0.0
flow,37,9.25,agv_charge_power_da_mw,0.0
flow,38,9.5,agv_charge_power_da_mw,0.4981981981981953
flow,39,9.75,agv_charge_power_da_mw,0.0
flow,40,10.0,agv_charge_power_da_mw,0.0
flow,41,10.25,agv_charge_power_da_mw,0.0
flow,42,10.5,agv_charge_power_da_mw,0.6000000000000006
flow,43,10.75,agv_charge_power_da_mw,0.0
flow,44,11.0,agv_charge_power_da_mw,0.6
flow,45,11.25,agv_charge_power_da_mw,0.0
flow,46,11.5,agv_charge_power_da_mw,0.0
flow,47,11.75,agv_charge_power_da_mw,0.3
flow,48,12.0,agv_charge_power_da_mw,0.0
flow,49,12.25,agv_charge_power_da_mw,0.0
flow,50,12.5,agv_charge_power_da_mw,0.0
flow,51,12.75,agv_charge_power_da_mw,0.0
flow,52,13.0,agv_charge_power_da_mw,0.3
flow,53,13.25,agv_charge_power_da_mw,0.0
flow,54,13.5,agv_charge_power_da_mw,0.0
flow,55,13.75,agv_charge_power_da_mw,0.0
flow,56,14.0,agv_charge_power_da_mw,0.6
flow,57,14.25,agv_charge_power_da_mw,0.0
flow,58,14.5,agv_charge_power_da_mw,0.0
flow,59,14.75,agv_charge_power_da_mw,0.0
flow,60,15.0,agv_charge_power_da_mw,0.0
flow,61,15.25,agv_charge_power_da_mw,0.0
flow,62,15.5,agv_charge_power_da_mw,0.0
flow,63,15.75,agv_charge_power_da_mw,0.0
flow,64,16.0,agv_charge_power_da_mw,0.0
flow,65,16.25,agv_charge_power_da_mw,0.6000000000000015
flow,66,16.5,agv_charge_power_da_mw,0.0
flow,67,16.75,agv_charge_power_da_mw,0.07238808597622376
flow,68,17.0,agv_charge_power_da_mw,0.0
flow,69,17.25,agv_charge_power_da_mw,0.0
flow,70,17.5,agv_charge_power_da_mw,0.0
flow,71,17.75,agv_charge_power_da_mw,0.0
flow,72,18.0,agv_charge_power_da_mw,0.0
flow,73,18.25,agv_charge_power_da_mw,0.0
flow,74,18.5,agv_charge_power_da_mw,0.0
flow,75,18.75,agv_charge_power_da_mw,0.6
flow,76,19.0,agv_charge_power_da_mw,1.2
flow,77,19.25,agv_charge_power_da_mw,0.6
flow,78,19.5,agv_charge_power_da_mw,0.0
flow,79,19.75,agv_charge_power_da_mw,0.0
flow,80,20.0,agv_charge_power_da_mw,0.0
flow,81,20.25,agv_charge_power_da_mw,0.0
flow,82,20.5,agv_charge_power_da_mw,0.0
flow,83,20.75,agv_charge_power_da_mw,0.0
flow,84,21.0,agv_charge_power_da_mw,0.0
flow,85,21.25,agv_charge_power_da_mw,0.0
flow,86,21.5,agv_charge_power_da_mw,0.0
flow,87,21.75,agv_charge_power_da_mw,0.6
flow,88,22.0,agv_charge_power_da_mw,0.0
flow,89,22.25,agv_charge_power_da_mw,0.0
flow,90,22.5,agv_charge_power_da_mw,0.6
flow,91,22.75,agv_charge_power_da_mw,0.6
flow,92,23.0,agv_charge_power_da_mw,0.0
flow,93,23.25,agv_charge_power_da_mw,0.0
flow,94,23.5,agv_charge_power_da_mw,0.6000000000000015
flow,95,23.75,agv_charge_power_da_mw,0.0
flow,0,0.0,agv_charge_power_rt_mw,0.0
flow,1,0.25,agv_charge_power_rt_mw,0.0
flow,2,0.5,agv_charge_power_rt_mw,0.0
flow,3,0.75,agv_charge_power_rt_mw,0.0
flow,4,1.0,agv_charge_power_rt_mw,0.0
flow,5,1.25,agv_charge_power_rt_mw,0.0
flow,6,1.5,agv_charge_power_rt_mw,0.0
flow,7,1.75,agv_charge_power_rt_mw,0.0
flow,8,2.0,agv_charge_power_rt_mw,0.6
flow,9,2.25,agv_charge_power_rt_mw,0.5733229367479742
flow,10,2.5,agv_charge_power_rt_mw,1.173322936747974
flow,11,2.75,agv_charge_power_rt_mw,0.5733229367479742
flow,12,3.0,agv_charge_power_rt_mw,0.0
flow,13,3.25,agv_charge_power_rt_mw,0.0
flow,14,3.5,agv_charge_power_rt_mw,0.2999999999999964
flow,15,3.75,agv_charge_power_rt_mw,0.8999999999999964
flow,16,4.0,agv_charge_power_rt_mw,1.4999999999999962
flow,17,4.25,agv_charge_power_rt_mw,2.1
flow,18,4.5,agv_charge_power_rt_mw,2.7
flow,19,4.75,agv_charge_power_rt_mw,2.099999999999999
flow,20,5.0,agv_charge_power_rt_mw,1.4999999999999991
flow,21,5.25,agv_charge_power_rt_mw,1.2
flow,22,5.5,agv_charge_power_rt_mw,0.6
flow,23,5.75,agv_charge_power_rt_mw,0.0
flow,24,6.0,agv_charge_power_rt_mw,0.3
flow,25,6.25,agv_charge_power_rt_mw,0.0
flow,26,6.5,agv_charge_power_rt_mw,0.0
flow,27,6.75,agv_charge_power_rt_mw,0.6
flow,28,7.0,agv_charge_power_rt_mw,0.4999999999999999
flow,29,7.25,agv_charge_power_rt_mw,1.1
flow,30,7.5,agv_charge_power_rt_mw,1.6999999999999995
flow,31,7.75,agv_charge_power_rt_mw,2.3
flow,32,8.0,agv_charge_power_rt_mw,2.3
flow,33,8.25,agv_charge_power_rt_mw,1.6999999999999995
flow,34,8.5,agv_charge_power_rt_mw,1.1
flow,35,8.75,agv_charge_power_rt_mw,0.5
flow,36,9.0,agv_charge_power_rt_mw,0.0
flow,37,9.25,agv_charge_power_rt_mw,0.0
flow,38,9.5,agv_charge_power_rt_mw,0.4981981981981952
flow,39,9.75,agv_charge_power_rt_mw,0.0
flow,40,10.0,agv_charge_power_rt_mw,0.0
flow,41,10.25,agv_charge_power_rt_mw,0.0
flow,42,10.5,agv_charge_power_rt_mw,0.6000000000000005
flow,43,10.75,agv_charge_power_rt_mw,0.0
flow,44,11.0,agv_charge_power_rt_mw,0.6
flow,45,11.25,agv_charge_power_rt_mw,0.0
flow,46,11.5,agv_charge_power_rt_mw,0.0
flow,47,11.75,agv_charge_power_rt_mw,0.3
flow,48,12.0,agv_charge_power_rt_mw,0.8999999999999999
flow,49,12.25,agv_charge_power_rt_mw,0.8999999999999999
flow,50,12.5,agv_charge_power_rt_mw,0.8999999999999999
flow,51,12.75,agv_charge_power_rt_mw,0.8999999999999999
flow,52,13.0,agv_charge_power_rt_mw,1.2
flow,53,13.25,agv_charge_power_rt_mw,0.8999999999999999
flow,54,13.5,agv_charge_power_rt_mw,0.8999999999999999
flow,55,13.75,agv_charge_power_rt_mw,0.3
flow,56,14.0,agv_charge_power_rt_mw,0.6
flow,57,14.25,agv_charge_power_rt_mw,0.0
flow,58,14.5,agv_charge_power_rt_mw,0.0
flow,59,14.75,agv_charge_power_rt_mw,0.6
flow,60,15.0,agv_charge_power_rt_mw,0.0
flow,61,15.25,agv_charge_power_rt_mw,0.0
flow,62,15.5,agv_charge_power_rt_mw,0.0
flow,63,15.75,agv_charge_power_rt_mw,0.0
flow,64,16.0,agv_charge_power_rt_mw,0.0
flow,65,16.25,agv_charge_power_rt_mw,0.6000000000000014
flow,66,16.5,agv_charge_power_rt_mw,0.0
flow,67,16.75,agv_charge_power_rt_mw,0.0723880859762237
flow,68,17.0,agv_charge_power_rt_mw,0.0
flow,69,17.25,agv_charge_power_rt_mw,0.0
flow,70,17.5,agv_charge_power_rt_mw,0.0
flow,71,17.75,agv_charge_power_rt_mw,0.0
flow,72,18.0,agv_charge_power_rt_mw,0.0
flow,73,18.25,agv_charge_power_rt_mw,0.0
flow,74,18.5,agv_charge_power_rt_mw,0.0
flow,75,18.75,agv_charge_power_rt_mw,0.6
flow,76,19.0,agv_charge_power_rt_mw,1.2
flow,77,19.25,agv_charge_power_rt_mw,0.6
flow,78,19.5,agv_charge_power_rt_mw,0.0
flow,79,19.75,agv_charge_power_rt_mw,0.0
flow,80,20.0,agv_charge_power_rt_mw,0.0
flow,81,20.25,agv_charge_power_rt_mw,0.0
flow,82,20.5,agv_charge_power_rt_mw,0.0
flow,83,20.75,agv_charge_power_rt_mw,0.0
flow,84,21.0,agv_charge_power_rt_mw,0.0
flow,85,21.25,agv_charge_power_rt_mw,0.0
flow,86,21.5,agv_charge_power_rt_mw,0.0
flow,87,21.75,agv_charge_power_rt_mw,0.6
flow,88,22.0,agv_charge_power_rt_mw,0.0
flow,89,22.25,agv_charge_power_rt_mw,0.0
flow,90,22.5,agv_charge_power_rt_mw,0.6
flow,91,22.75,agv_charge_power_rt_mw,0.6
flow,92,23.0,agv_charge_power_rt_mw,0.0
flow,93,23.25,agv_charge_power_rt_mw,0.2017921146953173
flow,94,23.5,agv_charge_power_rt_mw,0.6000000000000014
flow,95,23.75,agv_charge_power_rt_mw,0.0
flow,0,0.0,spill_da_mw,0.0
flow,1,0.25,spill_da_mw,0.0
flow,2,0.5,spill_da_mw,0.0
flow,3,0.75,spill_da_mw,0.0
flow,4,1.0,spill_da_mw,0.0
flow,5,1.25,spill_da_mw,0.0
flow,6,1.5,spill_da_mw,0.0
flow,7,1.75,spill_da_mw,0.0
flow,8,2.0,spill_da_mw,0.0
flow,9,2.25,spill_da_mw,0.0
flow,10,2.5,spill_da_mw,0.0
flow,11,2.75,spill_da_mw,0.0
flow,12,3.0,spill_da_mw,0.0
flow,13,3.25,spill_da_mw,0.0
flow,14,3.5,spill_da_mw,0.0
flow,15,3.75,spill_da_mw,0.0
flow,16,4.0,spill_da_mw,0.0
flow,17,4.25,spill_da_mw,0.0
flow,18,4.5,spill_da_mw,0.0
flow,19,4.75,spill_da_mw,0.0
flow,20,5.0,spill_da_mw,0.0
flow,21,5.25,spill_da_mw,0.0
flow,22,5.5,spill_da_mw,0.0
flow,23,5.75,spill_da_mw,0.0
flow,24,6.0,spill_da_mw,0.0
flow,25,6.25,spill_da_mw,0.0
flow,26,6.5,spill_da_mw,0.0
flow,27,6.75,spill_da_mw,0.0
flow,28,7.0,spill_da_mw,0.0
flow,29,7.25,spill_da_mw,0.0
flow,30,7.5,spill_da_mw,0.0
flow,31,7.75,spill_da_mw,0.0
flow,32,8.0,spill_da_mw,0.0
flow,33,8.25,spill_da_mw,0.0
flow,34,8.5,spill_da_mw,0.0
flow,35,8.75,spill_da_mw,0.0
flow,36,9.0,spill_da_mw,0.0
flow,37,9.25,spill_da_mw,0.0
flow,38,9.5,spill_da_mw,0.0
flow,39,9.75,spill_da_mw,0.0
flow,40,10.0,spill_da_mw,0.0
flow,41,10.25,spill_da_mw,0.0
flow,42,10.5,spill_da_mw,0.0
flow,43,10.75,spill_da_mw,0.0
flow,44,11.0,spill_da_mw,0.0
flow,45,11.25,spill_da_mw,0.0
flow,46,11.5,spill_da_mw,0.0
flow,47,11.75,spill_da_mw,0.0
flow,48,12.0,spill_da_mw,0.0
flow,49,12.25,spill_da_mw,0.0
flow,50,12.5,spill_da_mw,0.0
flow,51,12.75,spill_da_mw,0.0
flow,52,13.0,spill_da_mw,0.0
flow,53,13.25,spill_da_mw,0.0
flow,54,13.5,spill_da_mw,0.0
flow,55,13.75,spill_da_mw,0.0
flow,56,14.0,spill_da_mw,0.0
flow,57,14.25,spill_da_mw,0.0
flow,58,14.5,spill_da_mw,0.0
flow,59,14.75,spill_da_mw,0.0
flow,60,15.0,spill_da_mw,0.0
flow,61,15.25,spill_da_mw,0.0
flow,62,15.5,spill_da_mw,0.0
flow,63,15.75,spill_da_mw,0.0
flow,64,16.0,spill_da_mw,0.0
flow,65,16.25,spill_da_mw,0.0
flow,66,16.5,spill_da_mw,0.0
flow,67,16.75,spill_da_mw,0.0
flow,68,17.0,spill_da_mw,0.0
flow,69,17.25,spill_da_mw,0.0
flow,70,17.5,spill_da_mw,0.0
flow,71,17.75,spill_da_mw,0.0
flow,72,18.0,spill_da_mw,0.0
flow,73,18.25,spill_da_mw,0.0
flow,74,18.5,spill_da_mw,0.0
flow,75,18.75,spill_da_mw,0.0
flow,76,19.0,spill_da_mw,0.0
flow,77,19.25,spill_da_mw,0.0
flow,78,19.5,spill_da_mw,0.0
flow,79,19.75,spill_da_mw,0.0
flow,80,20.0,spill_da_mw,0.0
flow,81,20.25,spill_da_mw,0.0
flow,82,20.5,spill_da_mw,0.0
flow,83,20.75,spill_da_mw,0.0
flow,84,21.0,spill_da_mw,0.0
flow,85,21.25,spill_da_mw,0.0
flow,86,21.5,spill_da_mw,0.0
flow,87,21.75,spill_da_mw,0.0
flow,88,22.0,spill_da_mw,0.0
flow,89,22.25,spill_da_mw,0.0
flow,90,22.5,spill_da_mw,0.0
flow,91,22.75,spill_da_mw,0.0
flow,92,23.0,spill_da_mw,0.0
flow,93,23.25,spill_da_mw,0.0
flow,94,23.5,spill_da_mw,0.0
flow,95,23.75,spill_da_mw,0.0
flow,0,0.0,spill_rt_mw,0.0
flow,1,0.25,spill_rt_mw,0.0
flow,2,0.5,spill_rt_mw,0.0
flow,3,0.75,spill_rt_mw,0.0
flow,4,1.0,spill_rt_mw,0.0
flow,5,1.25,spill_rt_mw,0.0
flow,6,1.5,spill_rt_mw,0.0
flow,7,1.75,spill_rt_mw,0.0
flow,8,2.0,spill_rt_mw,0.0
flow,9,2.25,spill_rt_mw,0.0
flow,10,2.5,spill_rt_mw,0.0
flow,11,2.75,spill_rt_mw,0.0
flow,12,3.0,spill_rt_mw,0.0
flow,13,3.25,spill_rt_mw,0.0
flow,14,3.5,spill_rt_mw,0.0
flow,15,3.75,spill_rt_mw,0.0
flow,16,4.0,spill_rt_mw,0.0
flow,17,4.25,spill_rt_mw,0.0
flow,18,4.5,spill_rt_mw,0.0
flow,19,4.75,spill_rt_mw,0.0
flow,20,5.0,spill_rt_mw,0.0
flow,21,5.25,spill_rt_mw,0.0
flow,22,5.5,spill_rt_mw,0.0
flow,23,5.75,spill_rt_mw,0.0
flow,24,6.0,spill_rt_mw,0.0
flow,25,6.25,spill_rt_mw,0.0
flow,26,6.5,spill_rt_mw,0.0
flow,27,6.75,spill_rt_mw,0.0
flow,28,7.0,spill_rt_mw,0.0
flow,29,7.25,spill_rt_mw,0.0
flow,30,7.5,spill_rt_mw,0.0
flow,31,7.75,spill_rt_mw,0.0
flow,32,8.0,spill_rt_mw,0.0
flow,33,8.25,spill_rt_mw,0.0
flow,34,8.5,spill_rt_mw,0.0
flow,35,8.75,spill_rt_mw,0.0
flow,36,9.0,spill_rt_mw,0.0
flow,37,9.25,spill_rt_mw,0.0
flow,38,9.5,spill_rt_mw,0.0
flow,39,9.75,spill_rt_mw,0.0
flow,40,10.0,spill_rt_mw,0.0
flow,41,10.25,spill_rt_mw,0.0
flow,42,10.5,spill_rt_mw,0.0
flow,43,10.75,spill_rt_mw,0.0
flow,44,11.0,spill_rt_mw,0.0
flow,45,11.25,spill_rt_mw,0.0
flow,46,11.5,spill_rt_mw,0.0
flow,47,11.75,spill_rt_mw,0.0
flow,48,12.0,spill_rt_mw,2.899999999999999
flow,49,12.25,spill_rt_mw,2.899999999999999
flow,50,12.5,spill_rt_mw,2.900000000000001
flow,51,12.75,spill_rt_mw,5.855855855855856
flow,52,13.0,spill_rt_mw,0.8999999999999981
flow,53,13.25,spill_rt_mw,0.9000000000000012
flow,54,13.5,spill_rt_mw,0.8999999999999959
flow,55,13.75,spill_rt_mw,0.0
flow,56,14.0,spill_rt_mw,0.0
flow,57,14.25,spill_rt_mw,0.0
flow,58,14.5,spill_rt_mw,0.0
flow,59,14.75,spill_rt_mw,0.0
flow,60,15.0,spill_rt_mw,0.0
flow,61,15.25,spill_rt_mw,0.0
flow,62,15.5,spill_rt_mw,0.0
flow,63,15.75,spill_rt_mw,0.0
flow,64,16.0,spill_rt_mw,0.0
flow,65,16.25,spill_rt_mw,0.0
flow,66,16.5,spill_rt_mw,0.0
flow,67,16.75,spill_rt_mw,0.0
flow,68,17.0,spill_rt_mw,0.0
flow,69,17.25,spill_rt_mw,0.0
flow,70,17.5,spill_rt_mw,0.0
flow,71,17.75,spill_rt_mw,0.0
flow,72,18.0,spill_rt_mw,0.0
flow,73,18.25,spill_rt_mw,0.0
flow,74,18.5,spill_rt_mw,0.0
flow,75,18.75,spill_rt_mw,0.0
flow,76,19.0,spill_rt_mw,0.0
flow,77,19.25,spill_rt_mw,0.0
flow,78,19.5,spill_rt_mw,0.0
flow,79,19.75,spill_rt_mw,0.0
flow,80,20.0,spill_rt_mw,0.0
flow,81,20.25,spill_rt_mw,0.0
flow,82,20.5,spill_rt_mw,0.0
flow,83,20.75,spill_rt_mw,0.0
flow,84,21.0,spill_rt_mw,0.0
flow,85,21.25,spill_rt_mw,0.0
flow,86,21.5,spill_rt_mw,0.0
flow,87,21.75,spill_rt_mw,0.0
flow,88,22.0,spill_rt_mw,0.0
flow,89,22.25,spill_rt_mw,0.0
flow,90,22.5,spill_rt_mw,0.0
flow,91,22.75,spill_rt_mw,0.0
flow,92,23.0,spill_rt_mw,0.0
flow,93,23.25,spill_rt_mw,0.0
flow,94,23.5,spill_rt_mw,0.0
flow,95,23.75,spill_rt_mw,0.0
flow,0,0.0,h2_landing_rate_kg_per_h,265.53637899450115
flow,1,0.25,h2_landing_rate_kg_per_h,81.14324864864867
flow,2,0.5,h2_landing_rate_kg_per_h,140.71677297297296
flow,3,0.75,h2_landing_rate_kg_per_h,194.12751891891895
flow,4,1.0,h2_landing_rate_kg_per_h,216.724372972973
flow,5,1.25,h2_landing_rate_kg_per_h,135.58112432432432
flow,6,1.5,h2_landing_rate_kg_per_h,153.04232972972974
flow,7,1.75,h2_landing_rate_kg_per_h,175.6391837837838
flow,8,2.0,h2_landing_rate_kg_per_h,199.2631675675676
flow,9,2.25,h2_landing_rate_kg_per_h,194.12751891891895
flow,10,2.5,h2_landing_rate_kg_per_h,283.4878054054054
flow,11,2.75,h2_landing_rate_kg_per_h,342.03420000000006
flow,12,3.0,h2_landing_rate_kg_per_h,327.65438378378377
flow,13,3.25,h2_landing_rate_kg_per_h,222.88715135135132
flow,14,3.5,h2_landing_rate_kg_per_h,166.39501621621622
flow,15,3.75,h2_landing_rate_kg_per_h,144.82529189189188
flow,16,4.0,h2_landing_rate_kg_per_h,176.66631351351353
flow,17,4.25,h2_landing_rate_kg_per_h,221.86002162162163
flow,18,4.5,h2_landing_rate_kg_per_h,196.18177837837837
flow,19,4.75,h2_landing_rate_kg_per_h,205.42594594594593
flow,20,5.0,h2_landing_rate_kg_per_h,166.39501621621622
flow,21,5.25,h2_landing_rate_kg_per_h,168.4492756756757
flow,22,5.5,h2_landing_rate_kg_per_h,148.93381081081083
flow,23,5.75,h2_landing_rate_kg_per_h,154.06945945945944
flow,24,6.0,h2_landing_rate_kg_per_h,126.33695675675678
flow,25,6.25,h2_landing_rate_kg_per_h,108.87575135135135
flow,26,6.5,h2_landing_rate_kg_per_h,105.79436216216217
flow,27,6.75,h2_landing_rate_kg_per_h,90.38741621621622
flow,28,7.0,h2_landing_rate_kg_per_h,91.41454594594596
flow,29,7.25,h2_landing_rate_kg_per_h,84.22463783783785
flow,30,7.5,h2_landing_rate_kg_per_h,111.95714054054055
flow,31,7.75,h2_landing_rate_kg_per_h,98.60445405405405
flow,32,8.0,h2_landing_rate_kg_per_h,114.01140000000001
flow,33,8.25,h2_landing_rate_kg_per_h,114.01140000000001
flow,34,8.5,h2_landing_rate_kg_per_h,102.71297297297296
flow,35,8.75,h2_landing_rate_kg_per_h,92.44167567567568
flow,36,9.0,h2_landing_rate_kg_per_h,91.41454594594596
flow,37,9.25,h2_landing_rate_kg_per_h,106.82149189189191
flow,38,9.5,h2_landing_rate_kg_per_h,134.5539945945946
flow,39,9.75,h2_landing_rate_kg_per_h,207.4802054054054
flow,40,10.0,h2_landing_rate_kg_per_h,191.04612972972973
flow,41,10.25,h2_landing_rate_kg_per_h,140.71677297297296
flow,42,10.5,h2_landing_rate_kg_per_h,131.47260540540543
flow,43,10.75,h2_landing_rate_kg_per_h,114.01140000000001
flow,44,11.0,h2_landing_rate_kg_per_h,130.44547567567568
flow,45,11.25,h2_landing_rate_kg_per_h,132.49973513513515
flow,46,11.5,h2_landing_rate_kg_per_h,124.2826972972973
flow,47,11.75,h2_landing_rate_kg_per_h,125.30982702702701
flow,48,12.0,h2_landing_rate_kg_per_h,133.52686486486485
flow,49,12.25,h2_landing_rate_kg_per_h,85.25176756756757
flow,50,12.5,h2_landing_rate_kg_per_h,96.55019459459461
flow,51,12.75,h2_landing_rate_kg_per_h,69.84482162162163
flow,52,13.0,h2_landing_rate_kg_per_h,66.76343243243242
flow,53,13.25,h2_landing_rate_kg_per_h,76.00760000000001
flow,54,13.5,h2_landing_rate_kg_per_h,78.06185945945946
flow,55,13.75,h2_landing_rate_kg_per_h,56.492135135135136
flow,56,14.0,h2_landing_rate_kg_per_h,40.05805945945946
flow,57,14.25,h2_landing_rate_kg_per_h,21.56972432432433
flow,58,14.5,h2_landing_rate_kg_per_h,17.46120540540541
flow,59,14.75,h2_landing_rate_kg_per_h,10.271297297297297
flow,60,15.0,h2_landing_rate_kg_per_h,22.596854054054056
flow,61,15.25,h2_landing_rate_kg_per_h,15.406945945945946
flow,62,15.5,h2_landing_rate_kg_per_h,30.813891891891892
flow,63,15.75,h2_landing_rate_kg_per_h,43.13944864864866
flow,64,16.0,h2_landing_rate_kg_per_h,29.786762162162162
flow,65,16.25,h2_landing_rate_kg_per_h,41.08518918918919
flow,66,16.5,h2_landing_rate_kg_per_h,38.003800000000005
flow,67,16.75,h2_landing_rate_kg_per_h,42.11231891891892
flow,68,17.0,h2_landing_rate_kg_per_h,32.86815135135136
flow,69,17.25,h2_landing_rate_kg_per_h,38.003800000000005
flow,70,17.5,h2_landing_rate_kg_per_h,36.976670270270276
flow,71,17.75,h2_landing_rate_kg_per_h,26.705372972972977
flow,72,18.0,h2_landing_rate_kg_per_h,18.488335135135138
flow,73,18.25,h2_landing_rate_kg_per_h,28.759632432432436
flow,74,18.5,h2_landing_rate_kg_per_h,45.19370810810811
flow,75,18.75,h2_landing_rate_kg_per_h,33.89528108108108
flow,76,19.0,h2_landing_rate_kg_per_h,52.38361621621622
flow,77,19.25,h2_landing_rate_kg_per_h,51.35648648648648
flow,78,19.5,h2_landing_rate_kg_per_h,48.27509729729731
flow,79,19.75,h2_landing_rate_kg_per_h,70.87195135135136
flow,80,20.0,h2_landing_rate_kg_per_h,57.51926486486487
flow,81,20.25,h2_landing_rate_kg_per_h,57.51926486486487
flow,82,20.5,h2_landing_rate_kg_per_h,100.65871351351352
flow,83,20.75,h2_landing_rate_kg_per_h,157.1508486486487
flow,84,21.0,h2_landing_rate_kg_per_h,168.4492756756757
flow,85,21.25,h2_landing_rate_kg_per_h,145.8524216216216
flow,86,21.5,h2_landing_rate_kg_per_h,85.25176756756757
flow,87,21.75,h2_landing_rate_kg_per_h,89.36028648648649
flow,88,22.0,h2_landing_rate_kg_per_h,112.98427027027027
flow,89,22.25,h2_landing_rate_kg_per_h,108.87575135135135
flow,90,22.5,h2_landing_rate_kg_per_h,94.49593513513514
flow,91,22.75,h2_landing_rate_kg_per_h,119.14704864864865
flow,92,23.0,h2_landing_rate_kg_per_h,110.93001081081081
flow,93,23.25,h2_landing_rate_kg_per_h,55.46500540540541
flow,94,23.5,h2_landing_rate_kg_per_h,26.705372972972977
flow,95,23.75,h2_landing_rate_kg_per_h,23.623983783783785
flow,0,0.0,h2_consumption_rate_kg_per_h,133.33757683756306
flow,1,0.25,h2_consumption_rate_kg_per_h,133.33757683756306
flow,2,0.5,h2_consumption_rate_kg_per_h,133.33757683756306
flow,3,0.75,h2_consumption_rate_kg_per_h,133.33757683756306
flow,4,1.0,h2_consumption_rate_kg_per_h,133.33757683756306
flow,5,1.25,h2_consumption_rate_kg_per_h,133.33757683756306
flow,6,1.5,h2_consumption_rate_kg_per_h,133.33757683756306
flow,7,1.75,h2_consumption_rate_kg_per_h,133.33757683756306
flow,8,2.0,h2_consumption_rate_kg_per_h,133.33757683756306
flow,9,2.25,h2_consumption_rate_kg_per_h,133.33757683756306
flow,10,2.5,h2_consumption_rate_kg_per_h,133.33757683756306
flow,11,2.75,h2_consumption_rate_kg_per_h,133.33757683756306
flow,12,3.0,h2_consumption_rate_kg_per_h,133.33757683756306
flow,13,3.25,h2_consumption_rate_kg_per_h,133.33757683756306
flow,14,3.5,h2_consumption_rate_kg_per_h,133.33757683756306
flow,15,3.75,h2_consumption_rate_kg_per_h,133.33757683756306
flow,16,4.0,h2_consumption_rate_kg_per_h,133.33757683756306
flow,17,4.25,h2_consumption_rate_kg_per_h,133.33757683756306
flow,18,4.5,h2_consumption_rate_kg_per_h,1020.408163265306
flow,19,4.75,h2_consumption_rate_kg_per_h,81.63265306122447
flow,20,5.0,h2_consumption_rate_kg_per_h,81.63265306122447
flow,21,5.25,h2_consumption_rate_kg_per_h,81.63265306122447
flow,22,5.5,h2_consumption_rate_kg_per_h,81.63265306122447
flow,23,5.75,h2_consumption_rate_kg_per_h,81.63265306122447
flow,24,6.0,h2_consumption_rate_kg_per_h,81.63265306122376
flow,25,6.25,h2_consumption_rate_kg_per_h,81.63265306122447
flow,26,6.5,h2_consumption_rate_kg_per_h,81.63265306122447
flow,27,6.75,h2_consumption_rate_kg_per_h,81.63265306122447
flow,28,7.0,h2_consumption_rate_kg_per_h,81.63265306122447
flow,29,7.25,h2_consumption_rate_kg_per_h,81.63265306122447
flow,30,7.5,h2_consumption_rate_kg_per_h,81.63265306122447
flow,31,7.75,h2_consumption_rate_kg_per_h,81.63265306122456
flow,32,8.0,h2_consumption_rate_kg_per_h,81.63265306122447
flow,33,8.25,h2_consumption_rate_kg_per_h,81.63265306122476
flow,34,8.5,h2_consumption_rate_kg_per_h,81.63265306122447
flow,35,8.75,h2_consumption_rate_kg_per_h,81.63265306122447
flow,36,9.0,h2_consumption_rate_kg_per_h,81.63265306122447
flow,37,9.25,h2_consumption_rate_kg_per_h,81.63265306122447
flow,38,9.5,h2_consumption_rate_kg_per_h,81.63265306122447
flow,39,9.75,h2_consumption_rate_kg_per_h,81.63265306122447
flow,40,10.0,h2_consumption_rate_kg_per_h,81.63265306122447
flow,41,10.25,h2_consumption_rate_kg_per_h,81.63265306122447
flow,42,10.5,h2_consumption_rate_kg_per_h,81.63265306122447
flow,43,10.75,h2_consumption_rate_kg_per_h,81.63265306122447
flow,44,11.0,h2_consumption_rate_kg_per_h,81.63265306122447
flow,45,11.25,h2_consumption_rate_kg_per_h,81.63265306122447
flow,46,11.5,h2_consumption_rate_kg_per_h,81.63265306122447
flow,47,11.75,h2_consumption_rate_kg_per_h,81.63265306122447
flow,48,12.0,h2_consumption_rate_kg_per_h,571.4285714285714
flow,49,12.25,h2_consumption_rate_kg_per_h,571.4285714285714
flow,50,12.5,h2_consumption_rate_kg_per_h,571.4285714285714
flow,51,12.75,h2_consumption_rate_kg_per_h,571.4285714285714
flow,52,13.0,h2_consumption_rate_kg_per_h,571.4285714285714
flow,53,13.25,h2_consumption_rate_kg_per_h,571.4285714285714
flow,54,13.5,h2_consumption_rate_kg_per_h,571.4285714285714
flow,55,13.75,h2_consumption_rate_kg_per_h,81.63265306122447
flow,56,14.0,h2_consumption_rate_kg_per_h,81.63265306122447
flow,57,14.25,h2_consumption_rate_kg_per_h,81.63265306122447
flow,58,14.5,h2_consumption_rate_kg_per_h,81.63265306122447
flow,59,14.75,h2_consumption_rate_kg_per_h,81.63265306122447
flow,60,15.0,h2_consumption_rate_kg_per_h,81.63265306122447
flow,61,15.25,h2_consumption_rate_kg_per_h,81.6326530612222
flow,62,15.5,h2_consumption_rate_kg_per_h,571.4285714285714
flow,63,15.75,h2_consumption_rate_kg_per_h,81.63265306122447
flow,64,16.0,h2_consumption_rate_kg_per_h,81.63265306122447
flow,65,16.25,h2_consumption_rate_kg_per_h,81.63265306122447
flow,66,16.5,h2_consumption_rate_kg_per_h,81.63265306122447
flow,67,16.75,h2_consumption_rate_kg_per_h,81.63265306122447
flow,68,17.0,h2_consumption_rate_kg_per_h,81.63265306122447
flow,69,17.25,h2_consumption_rate_kg_per_h,81.63265306122447
flow,70,17.5,h2_consumption_rate_kg_per_h,81.63265306122447
flow,71,17.75,h2_consumption_rate_kg_per_h,81.63265306122447
flow,72,18.0,h2_consumption_rate_kg_per_h,81.63265306122447
flow,73,18.25,h2_consumption_rate_kg_per_h,81.63265306122447
flow,74,18.5,h2_consumption_rate_kg_per_h,81.63265306122447
flow,75,18.75,h2_consumption_rate_kg_per_h,81.63265306122447
flow,76,19.0,h2_consumption_rate_kg_per_h,81.63265306122447
flow,77,19.25,h2_consumption_rate_kg_per_h,81.63265306122447
flow,78,19.5,h2_consumption_rate_kg_per_h,81.63265306122447
flow,79,19.75,h2_consumption_rate_kg_per_h,81.63265306122447
flow,80,20.0,h2_consumption_rate_kg_per_h,81.63265306122447
flow,81,20.25,h2_consumption_rate_kg_per_h,81.63265306122447
flow,82,20.5,h2_consumption_rate_kg_per_h,81.63265306122447
flow,83,20.75,h2_consumption_rate_kg_per_h,81.63265306122447
flow,84,21.0,h2_consumption_rate_kg_per_h,81.63265306122447
flow,85,21.25,h2_consumption_rate_kg_per_h,81.63265306122447
flow,86,21.5,h2_consumption_rate_kg_per_h,81.63265306122447
flow,87,21.75,h2_consumption_rate_kg_per_h,81.63265306122447
flow,88,22.0,h2_consumption_rate_kg_per_h,81.63265306122447
flow,89,22.25,h2_consumption_rate_kg_per_h,81.63265306122447
flow,90,22.5,h2_consumption_rate_kg_per_h,81.63265306122447
flow,91,22.75,h2_consumption_rate_kg_per_h,81.63265306122447
flow,92,23.0,h2_consumption_rate_kg_per_h,81.63265306122447
flow,93,23.25,h2_consumption_rate_kg_per_h,81.63265306122447
flow,94,23.5,h2_consumption_rate_kg_per_h,81.63265306122447
flow,95,23.75,h2_consumption_rate_kg_per_h,81.63265306122447
flow,0,0.0,lohc_production_rate_kg_per_h,130.6708253008118
flow,1,0.25,lohc_production_rate_kg_per_h,130.6708253008118
flow,2,0.5,lohc_production_rate_kg_per_h,130.6708253008118
flow,3,0.75,lohc_production_rate_kg_per_h,130.6708253008118
flow,4,1.0,lohc_production_rate_kg_per_h,130.6708253008118
flow,5,1.25,lohc_production_rate_kg_per_h,130.6708253008118
flow,6,1.5,lohc_production_rate_kg_per_h,130.6708253008118
flow,7,1.75,lohc_production_rate_kg_per_h,130.6708253008118
flow,8,2.0,lohc_production_rate_kg_per_h,130.6708253008118
flow,9,2.25,lohc_production_rate_kg_per_h,130.6708253008118
flow,10,2.5,lohc_production_rate_kg_per_h,130.6708253008118
flow,11,2.75,lohc_production_rate_kg_per_h,130.6708253008118
flow,12,3.0,lohc_production_rate_kg_per_h,130.6708253008118
flow,13,3.25,lohc_production_rate_kg_per_h,130.6708253008118
flow,14,3.5,lohc_production_rate_kg_per_h,130.6708253008118
flow,15,3.75,lohc_production_rate_kg_per_h,130.6708253008118
flow,16,4.0,lohc_production_rate_kg_per_h,130.6708253008118
flow,17,4.25,lohc_production_rate_kg_per_h,130.6708253008118
flow,18,4.5,lohc_production_rate_kg_per_h,1000.0
flow,19,4.75,lohc_production_rate_kg_per_h,80.0
flow,20,5.0,lohc_production_rate_kg_per_h,80.0
flow,21,5.25,lohc_production_rate_kg_per_h,80.0
flow,22,5.5,lohc_production_rate_kg_per_h,80.0
flow,23,5.75,lohc_production_rate_kg_per_h,80.0
flow,24,6.0,lohc_production_rate_kg_per_h,79.99999999999929
flow,25,6.25,lohc_production_rate_kg_per_h,80.0
flow,26,6.5,lohc_production_rate_kg_per_h,80.0
flow,27,6.75,lohc_production_rate_kg_per_h,80.0
flow,28,7.0,lohc_production_rate_kg_per_h,80.0
flow,29,7.25,lohc_production_rate_kg_per_h,80.0
flow,30,7.5,lohc_production_rate_kg_per_h,80.0
flow,31,7.75,lohc_production_rate_kg_per_h,80.00000000000007
flow,32,8.0,lohc_production_rate_kg_per_h,80.0
flow,33,8.25,lohc_production_rate_kg_per_h,80.00000000000026
flow,34,8.5,lohc_production_rate_kg_per_h,80.0
flow,35,8.75,lohc_production_rate_kg_per_h,80.0
flow,36,9.0,lohc_production_rate_kg_per_h,80.0
flow,37,9.25,lohc_production_rate_kg_per_h,80.0
flow,38,9.5,lohc_production_rate_kg_per_h,80.0
flow,39,9.75,lohc_production_rate_kg_per_h,80.0
flow,40,10.0,lohc_production_rate_kg_per_h,80.0
flow,41,10.25,lohc_production_rate_kg_per_h,80.0
flow,42,10.5,lohc_production_rate_kg_per_h,80.0
flow,43,10.75,lohc_production_rate_kg_per_h,80.0
flow,44,11.0,lohc_production_rate_kg_per_h,80.0
flow,45,11.25,lohc_production_rate_kg_per_h,80.0
flow,46,11.5,lohc_production_rate_kg_per_h,80.0
flow,47,11.75,lohc_production_rate_kg_per_h,80.0
flow,48,12.0,lohc_production_rate_kg_per_h,560.0
flow,49,12.25,lohc_production_rate_kg_per_h,560.0
flow,50,12.5,lohc_production_rate_kg_per_h,560.0
flow,51,12.75,lohc_production_rate_kg_per_h,560.0
flow,52,13.0,lohc_production_rate_kg_per_h,560.0
flow,53,13.25,lohc_production_rate_kg_per_h,560.0
flow,54,13.5,lohc_production_rate_kg_per_h,560.0
flow,55,13.75,lohc_production_rate_kg_per_h,80.0
flow,56,14.0,lohc_production_rate_kg_per_h,80.0
flow,57,14.25,lohc_production_rate_kg_per_h,80.0
flow,58,14.5,lohc_production_rate_kg_per_h,80.0
flow,59,14.75,lohc_production_rate_kg_per_h,80.0
flow,60,15.0,lohc_production_rate_kg_per_h,80.0
flow,61,15.25,lohc_production_rate_kg_per_h,79.99999999999775
flow,62,15.5,lohc_production_rate_kg_per_h,560.0
flow,63,15.75,lohc_production_rate_kg_per_h,80.0
flow,64,16.0,lohc_production_rate_kg_per_h,80.0
flow,65,16.25,lohc_production_rate_kg_per_h,80.0
flow,66,16.5,lohc_production_rate_kg_per_h,80.0
flow,67,16.75,lohc_production_rate_kg_per_h,80.0
flow,68,17.0,lohc_production_rate_kg_per_h,80.0
flow,69,17.25,lohc_production_rate_kg_per_h,80.0
flow,70,17.5,lohc_production_rate_kg_per_h,80.0
flow,71,17.75,lohc_production_rate_kg_per_h,80.0
flow,72,18.0,lohc_production_rate_kg_per_h,80.0
flow,73,18.25,lohc_production_rate_kg_per_h,80.0
flow,74,18.5,lohc_production_rate_kg_per_h,80.0
flow,75,18.75,lohc_production_rate_kg_per_h,80.0
flow,76,19.0,lohc_production_rate_kg_per_h,80.0
flow,77,19.25,lohc_production_rate_kg_per_h,80.0
flow,78,19.5,lohc_production_rate_kg_per_h,80.0
flow,79,19.75,lohc_production_rate_kg_per_h,80.0
flow,80,20.0,lohc_production_rate_kg_per_h,80.0
flow,81,20.25,lohc_production_rate_kg_per_h,80.0
flow,82,20.5,lohc_production_rate_kg_per_h,80.0
flow,83,20.75,lohc_production_rate_kg_per_h,80.0
flow,84,21.0,lohc_production_rate_kg_per_h,80.0
flow,85,21.25,lohc_production_rate_kg_per_h,80.0
flow,86,21.5,lohc_production_rate_kg_per_h,80.0
flow,87,21.75,lohc_production_rate_kg_per_h,80.0
flow,88,22.0,lohc_production_rate_kg_per_h,80.0
flow,89,22.25,lohc_production_rate_kg_per_h,80.0
flow,90,22.5,lohc_production_rate_kg_per_h,80.0
flow,91,22.75,lohc_production_rate_kg_per_h,80.0
flow,92,23.0,lohc_production_rate_kg_per_h,80.0
flow,93,23.25,lohc_production_rate_kg_per_h,80.0
flow,94,23.5,lohc_production_rate_kg_per_h,80.0
flow,95,23.75,lohc_production_rate_kg_per_h,80.0
flow,0,0.0,lohc_outbound_rate_kg_per_h,0.0
flow,1,0.25,lohc_outbound_rate_kg_per_h,0.0
flow,2,0.5,lohc_outbound_rate_kg_per_h,0.0
flow,3,0.75,lohc_outbound_rate_kg_per_h,0.0
flow,4,1.0,lohc_outbound_rate_kg_per_h,0.0
flow,5,1.25,lohc_outbound_rate_kg_per_h,0.0
flow,6,1.5,lohc_outbound_rate_kg_per_h,0.0
flow,7,1.75,lohc_outbound_rate_kg_per_h,0.0
flow,8,2.0,lohc_outbound_rate_kg_per_h,0.0
flow,9,2.25,lohc_outbound_rate_kg_per_h,551.0536192713628
flow,10,2.5,lohc_outbound_rate_kg_per_h,0.0
flow,11,2.75,lohc_outbound_rate_kg_per_h,551.0536192713628
flow,12,3.0,lohc_outbound_rate_kg_per_h,648.5185185185184
flow,13,3.25,lohc_outbound_rate_kg_per_h,0.0
flow,14,3.5,lohc_outbound_rate_kg_per_h,149.9305798348524
flow,15,3.75,lohc_outbound_rate_kg_per_h,0.0
flow,16,4.0,lohc_outbound_rate_kg_per_h,0.0
flow,17,4.25,lohc_outbound_rate_kg_per_h,291.5185185185185
flow,18,4.5,lohc_outbound_rate_kg_per_h,0.0
flow,19,4.75,lohc_outbound_rate_kg_per_h,0.0
flow,20,5.0,lohc_outbound_rate_kg_per_h,0.0
flow,21,5.25,lohc_outbound_rate_kg_per_h,0.0
flow,22,5.5,lohc_outbound_rate_kg_per_h,0.0
flow,23,5.75,lohc_outbound_rate_kg_per_h,868.8888888888889
flow,24,6.0,lohc_outbound_rate_kg_per_h,0.0
flow,25,6.25,lohc_outbound_rate_kg_per_h,1089.2592592592594
flow,26,6.5,lohc_outbound_rate_kg_per_h,0.0
flow,27,6.75,lohc_outbound_rate_kg_per_h,0.0
flow,28,7.0,lohc_outbound_rate_kg_per_h,0.0
flow,29,7.25,lohc_outbound_rate_kg_per_h,0.0
flow,30,7.5,lohc_outbound_rate_kg_per_h,0.0
flow,31,7.75,lohc_outbound_rate_kg_per_h,0.0
flow,32,8.0,lohc_outbound_rate_kg_per_h,0.0
flow,33,8.25,lohc_outbound_rate_kg_per_h,0.0
flow,34,8.5,lohc_outbound_rate_kg_per_h,449.77777777777976
flow,35,8.75,lohc_outbound_rate_kg_per_h,0.0
flow,36,9.0,lohc_outbound_rate_kg_per_h,1089.2592592592594
flow,37,9.25,lohc_outbound_rate_kg_per_h,0.0
flow,38,9.5,lohc_outbound_rate_kg_per_h,0.0
flow,39,9.75,lohc_outbound_rate_kg_per_h,0.0
flow,40,10.0,lohc_outbound_rate_kg_per_h,0.0
flow,41,10.25,lohc_outbound_rate_kg_per_h,0.0
flow,42,10.5,lohc_outbound_rate_kg_per_h,0.0
flow,43,10.75,lohc_outbound_rate_kg_per_h,0.0
flow,44,11.0,lohc_outbound_rate_kg_per_h,0.0
flow,45,11.25,lohc_outbound_rate_kg_per_h,0.0
flow,46,11.5,lohc_outbound_rate_kg_per_h,0.0
flow,47,11.75,lohc_outbound_rate_kg_per_h,0.0
flow,48,12.0,lohc_outbound_rate_kg_per_h,715.8888888888889
flow,49,12.25,lohc_outbound_rate_kg_per_h,715.8888888888889
flow,50,12.5,lohc_outbound_rate_kg_per_h,0.0
flow,51,12.75,lohc_outbound_rate_kg_per_h,0.0
flow,52,13.0,lohc_outbound_rate_kg_per_h,0.0
flow,53,13.25,lohc_outbound_rate_kg_per_h,495.5185185185184
flow,54,13.5,lohc_outbound_rate_kg_per_h,495.5185185185184
flow,55,13.75,lohc_outbound_rate_kg_per_h,423.3333333333365
flow,56,14.0,lohc_outbound_rate_kg_per_h,0.0
flow,57,14.25,lohc_outbound_rate_kg_per_h,0.0
flow,58,14.5,lohc_outbound_rate_kg_per_h,0.0
flow,59,14.75,lohc_outbound_rate_kg_per_h,0.0
flow,60,15.0,lohc_outbound_rate_kg_per_h,648.5185185185184
flow,61,15.25,lohc_outbound_rate_kg_per_h,648.5185185185184
flow,62,15.5,lohc_outbound_rate_kg_per_h,0.0
flow,63,15.75,lohc_outbound_rate_kg_per_h,0.0
flow,64,16.0,lohc_outbound_rate_kg_per_h,0.0
flow,65,16.25,lohc_outbound_rate_kg_per_h,0.0
flow,66,16.5,lohc_outbound_rate_kg_per_h,0.0
flow,67,16.75,lohc_outbound_rate_kg_per_h,0.0
flow,68,17.0,lohc_outbound_rate_kg_per_h,0.0
flow,69,17.25,lohc_outbound_rate_kg_per_h,648.5185185185184
flow,70,17.5,lohc_outbound_rate_kg_per_h,648.5185185185184
flow,71,17.75,lohc_outbound_rate_kg_per_h,0.0
flow,72,18.0,lohc_outbound_rate_kg_per_h,0.0
flow,73,18.25,lohc_outbound_rate_kg_per_h,0.0
flow,74,18.5,lohc_outbound_rate_kg_per_h,0.0
flow,75,18.75,lohc_outbound_rate_kg_per_h,0.0
flow,76,19.0,lohc_outbound_rate_kg_per_h,0.0
flow,77,19.25,lohc_outbound_rate_kg_per_h,0.0
flow,78,19.5,lohc_outbound_rate_kg_per_h,0.0
flow,79,19.75,lohc_outbound_rate_kg_per_h,0.0
flow,80,20.0,lohc_outbound_rate_kg_per_h,648.5185185185184
flow,81,20.25,lohc_outbound_rate_kg_per_h,0.0
flow,82,20.5,lohc_outbound_rate_kg_per_h,0.0
flow,83,20.75,lohc_outbound_rate_kg_per_h,0.0
flow,84,21.0,lohc_outbound_rate_kg_per_h,648.5185185185184
flow,85,21.25,lohc_outbound_rate_kg_per_h,0.0
flow,86,21.5,lohc_outbound_rate_kg_per_h,648.5185185185184
flow,87,21.75,lohc_outbound_rate_kg_per_h,0.0
flow,88,22.0,lohc_outbound_rate_kg_per_h,648.5185185185184
flow,89,22.25,lohc_outbound_rate_kg_per_h,0.0
flow,90,22.5,lohc_outbound_rate_kg_per_h,0.0
flow,91,22.75,lohc_outbound_rate_kg_per_h,0.0
flow,92,23.0,lohc_outbound_rate_kg_per_h,648.5185185185184
flow,93,23.25,lohc_outbound_rate_kg_per_h,0.0
flow,94,23.5,lohc_outbound_rate_kg_per_h,0.0
flow,95,23.75,lohc_outbound_rate_kg_per_h,0.0
state,0,0.0,hydrogen_inventory_kg,1150.0
state,1,0.25,hydrogen_inventory_kg,1183.0497005392344
state,2,0.5,hydrogen_inventory_kg,1170.0011184920058
state,3,0.75,hydrogen_inventory_kg,1171.8459175258583
state,4,1.0,hydrogen_inventory_kg,1187.0434030461977
state,5,1.25,hydrogen_inventory_kg,1207.8901020800497
state,6,1.5,hydrogen_inventory_kg,1208.45098895174
state,7,1.75,hydrogen_inventory_kg,1213.3771771747818
state,8,2.0,hydrogen_inventory_kg,1223.9525789113368
state,9,2.25,hydrogen_inventory_kg,1240.433976593838
state,10,2.5,hydrogen_inventory_kg,1255.6314621141769
state,11,2.75,hydrogen_inventory_kg,1293.1690192561375
state,12,3.0,hydrogen_inventory_kg,1345.3431750467469
state,13,3.25,hydrogen_inventory_kg,1393.9223767833018
state,14,3.5,hydrogen_inventory_kg,1416.309770411749
state,15,3.75,hydrogen_inventory_kg,1424.5741302564122
state,16,4.0,hydrogen_inventory_kg,1427.4460590199944
state,17,4.25,hydrogen_inventory_kg,1438.278243188982
state,18,4.5,hydrogen_inventory_kg,1460.4088543849966
state,19,4.75,hydrogen_inventory_kg,1254.3522581632644
state,20,5.0,hydrogen_inventory_kg,1285.3005813844447
state,21,5.25,hydrogen_inventory_kg,1306.4911721731928
state,22,5.5,hydrogen_inventory_kg,1328.1953278268056
state,23,5.75,hydrogen_inventory_kg,1345.0206172642022
state,24,6.0,hydrogen_inventory_kg,1363.1298188637609
state,25,6.25,hydrogen_inventory_kg,1374.305894787644
state,26,6.5,hydrogen_inventory_kg,1381.1166693601758
state,27,6.75,hydrogen_inventory_kg,1387.1570966354104
state,28,7.0,hydrogen_inventory_kg,1389.3457874241583
state,29,7.25,hydrogen_inventory_kg,1391.7912606453388
state,30,7.5,hydrogen_inventory_kg,1392.439256839492
state,31,7.75,hydrogen_inventory_kg,1400.020378709321
state,32,8.0,hydrogen_inventory_kg,1404.2633289575283
state,33,8.25,hydrogen_inventory_kg,1412.3580156922224
state,34,8.5,hydrogen_inventory_kg,1420.4527024269164
state,35,8.75,hydrogen_inventory_kg,1425.7227824048534
state,36,9.0,hydrogen_inventory_kg,1428.4250380584665
state,37,9.25,hydrogen_inventory_kg,1430.8705112796467
state,38,9.5,hydrogen_inventory_kg,1437.1677209873135
state,39,9.75,hydrogen_inventory_kg,1450.398056370656
state,40,10.0,hydrogen_inventory_kg,1481.8599444567014
state,41,10.25,hydrogen_inventory_kg,1509.2133136238278
state,42,10.5,hydrogen_inventory_kg,1523.9843436017647
state,43,10.75,hydrogen_inventory_kg,1536.44433168781
state,44,11.0,hydrogen_inventory_kg,1544.539018422504
state,45,11.25,hydrogen_inventory_kg,1556.7422240761166
state,46,11.5,hydrogen_inventory_kg,1569.4589945945943
state,47,11.75,hydrogen_inventory_kg,1580.1215056536123
state,48,12.0,hydrogen_inventory_kg,1591.0407991450631
state,49,12.25,hydrogen_inventory_kg,1481.5653725041363
state,50,12.5,hydrogen_inventory_kg,1360.0211715388857
state,51,12.75,hydrogen_inventory_kg,1241.3015773303912
state,52,13.0,hydrogen_inventory_kg,1115.9056398786538
state,53,13.25,hydrogen_inventory_kg,989.7393551296192
state,54,13.5,hydrogen_inventory_kg,865.8841122724763
state,55,13.75,hydrogen_inventory_kg,742.5424342801982
state,56,14.0,hydrogen_inventory_kg,736.2573047986758
state,57,14.25,hydrogen_inventory_kg,725.8636563982346
state,58,14.5,hydrogen_inventory_kg,710.8479242140095
state,59,14.75,hydrogen_inventory_kg,694.8050623000547
state,60,15.0,hydrogen_inventory_kg,676.9647233590729
state,61,15.25,hydrogen_inventory_kg,662.2057736072802
state,62,15.5,hydrogen_inventory_kg,645.6493468284611
state,63,15.75,hydrogen_inventory_kg,510.4956769442912
state,64,16.0,hydrogen_inventory_kg,500.8723758411473
state,65,16.25,hydrogen_inventory_kg,487.91090311638175
state,66,16.5,hydrogen_inventory_kg,477.7740371483729
state,67,16.75,hydrogen_inventory_kg,466.8668238830668
state,68,17.0,hydrogen_inventory_kg,456.9867403474904
state,69,17.25,hydrogen_inventory_kg,444.7956149200221
state,70,17.5,hydrogen_inventory_kg,433.888401654716
state,71,17.75,hydrogen_inventory_kg,422.7244059569774
state,72,18.0,hydrogen_inventory_kg,408.9925859349146
state,73,18.25,hydrogen_inventory_kg,393.20650645339225
state,74,18.5,hydrogen_inventory_kg,379.9882512961942
state,75,18.75,hydrogen_inventory_kg,370.8785150579152
state,76,19.0,hydrogen_inventory_kg,358.94417206287926
state,77,19.25,hydrogen_inventory_kg,351.6319128516272
state,78,19.5,hydrogen_inventory_kg,344.0628712079427
state,79,19.75,hydrogen_inventory_kg,335.72348226696084
state,80,20.0,hydrogen_inventory_kg,333.0333068394926
state,81,20.25,hydrogen_inventory_kg,327.00495979040267
state,82,20.5,hydrogen_inventory_kg,320.97661274131275
state,83,20.75,hydrogen_inventory_kg,325.73312785438503
state,84,21.0,hydrogen_inventory_kg,344.6126767512411
state,85,21.25,hydrogen_inventory_kg,366.3168324048539
state,86,21.5,hydrogen_inventory_kg,382.3717745449532
state,87,21.75,hydrogen_inventory_kg,383.276553171539
state,88,22.0,hydrogen_inventory_kg,385.2084615278544
state,89,22.25,hydrogen_inventory_kg,393.0463658301159
state,90,22.5,hydrogen_inventory_kg,399.8571404026476
state,91,22.75,hydrogen_inventory_kg,403.0729609211252
state,92,23.0,hydrogen_inventory_kg,412.45155981798126
state,93,23.25,hydrogen_inventory_kg,419.7758992553778
state,94,23.5,hydrogen_inventory_kg,413.2339873414231
state,95,23.75,hydrogen_inventory_kg,399.5021673193602
state,96,24.0,hydrogen_inventory_kg,385.0
state,0,0.0,lohc_inventory_kg,680.0
state,1,0.25,lohc_inventory_kg,712.667706325203
state,2,0.5,lohc_inventory_kg,745.3354126504059
state,3,0.75,lohc_inventory_kg,778.0031189756089
state,4,1.0,lohc_inventory_kg,810.6708253008119
state,5,1.25,lohc_inventory_kg,843.3385316260149
state,6,1.5,lohc_inventory_kg,876.0062379512178
state,7,1.75,lohc_inventory_kg,908.6739442764208
state,8,2.0,lohc_inventory_kg,941.3416506016238
state,9,2.25,lohc_inventory_kg,974.0093569268269
state,10,2.5,lohc_inventory_kg,868.9136584341891
state,11,2.75,lohc_inventory_kg,901.581364759392
state,12,3.0,lohc_inventory_kg,796.4856662667544
state,13,3.25,lohc_inventory_kg,667.0237429623277
state,14,3.5,lohc_inventory_kg,699.6914492875306
state,15,3.75,lohc_inventory_kg,694.8765106540205
state,16,4.0,lohc_inventory_kg,727.5442169792235
state,17,4.25,lohc_inventory_kg,760.2119233044265
state,18,4.5,lohc_inventory_kg,719.9999999999998
state,19,4.75,lohc_inventory_kg,969.9999999999998
state,20,5.0,lohc_inventory_kg,990.0
state,21,5.25,lohc_inventory_kg,1010.0
state,22,5.5,lohc_inventory_kg,1030.0
state,23,5.75,lohc_inventory_kg,1050.0
state,24,6.0,lohc_inventory_kg,852.7777777777777
state,25,6.25,lohc_inventory_kg,872.7777777777775
state,26,6.5,lohc_inventory_kg,620.4629629629627
state,27,6.75,lohc_inventory_kg,640.4629629629628
state,28,7.0,lohc_inventory_kg,660.4629629629628
state,29,7.25,lohc_inventory_kg,680.4629629629628
state,30,7.5,lohc_inventory_kg,700.4629629629629
state,31,7.75,lohc_inventory_kg,720.4629629629629
state,32,8.0,lohc_inventory_kg,740.462962962963
state,33,8.25,lohc_inventory_kg,760.462962962963
state,34,8.5,lohc_inventory_kg,780.462962962963
state,35,8.75,lohc_inventory_kg,688.0185185185181
state,36,9.0,lohc_inventory_kg,708.0185185185182
state,37,9.25,lohc_inventory_kg,455.70370370370347
state,38,9.5,lohc_inventory_kg,475.7037037037034
state,39,9.75,lohc_inventory_kg,495.7037037037034
state,40,10.0,lohc_inventory_kg,515.7037037037035
state,41,10.25,lohc_inventory_kg,535.7037037037034
state,42,10.5,lohc_inventory_kg,555.7037037037035
state,43,10.75,lohc_inventory_kg,575.7037037037035
state,44,11.0,lohc_inventory_kg,595.7037037037036
state,45,11.25,lohc_inventory_kg,615.7037037037036
state,46,11.5,lohc_inventory_kg,635.7037037037036
state,47,11.75,lohc_inventory_kg,655.7037037037037
state,48,12.0,lohc_inventory_kg,675.7037037037037
state,49,12.25,lohc_inventory_kg,636.7314814814815
state,50,12.5,lohc_inventory_kg,597.7592592592594
state,51,12.75,lohc_inventory_kg,737.7592592592592
state,52,13.0,lohc_inventory_kg,877.7592592592592
state,53,13.25,lohc_inventory_kg,1017.7592592592592
state,54,13.5,lohc_inventory_kg,1033.8796296296296
state,55,13.75,lohc_inventory_kg,1050.0
state,56,14.0,lohc_inventory_kg,964.1666666666658
state,57,14.25,lohc_inventory_kg,984.1666666666658
state,58,14.5,lohc_inventory_kg,1004.166666666666
state,59,14.75,lohc_inventory_kg,1024.1666666666658
state,60,15.0,lohc_inventory_kg,1044.166666666666
state,61,15.25,lohc_inventory_kg,902.0370370370364
state,62,15.5,lohc_inventory_kg,759.9074074074063
state,63,15.75,lohc_inventory_kg,899.9074074074063
state,64,16.0,lohc_inventory_kg,919.9074074074064
state,65,16.25,lohc_inventory_kg,939.9074074074064
state,66,16.5,lohc_inventory_kg,959.9074074074064
state,67,16.75,lohc_inventory_kg,979.9074074074064
state,68,17.0,lohc_inventory_kg,999.9074074074064
state,69,17.25,lohc_inventory_kg,1019.9074074074064
state,70,17.5,lohc_inventory_kg,877.7777777777769
state,71,17.75,lohc_inventory_kg,735.6481481481474
state,72,18.0,lohc_inventory_kg,755.6481481481474
state,73,18.25,lohc_inventory_kg,775.6481481481475
state,74,18.5,lohc_inventory_kg,795.6481481481475
state,75,18.75,lohc_inventory_kg,815.6481481481475
state,76,19.0,lohc_inventory_kg,835.6481481481476
state,77,19.25,lohc_inventory_kg,855.6481481481476
state,78,19.5,lohc_inventory_kg,875.6481481481477
state,79,19.75,lohc_inventory_kg,895.6481481481477
state,80,20.0,lohc_inventory_kg,915.6481481481476
state,81,20.25,lohc_inventory_kg,773.5185185185181
state,82,20.5,lohc_inventory_kg,793.5185185185182
state,83,20.75,lohc_inventory_kg,813.5185185185182
state,84,21.0,lohc_inventory_kg,833.5185185185182
state,85,21.25,lohc_inventory_kg,691.3888888888887
state,86,21.5,lohc_inventory_kg,711.3888888888888
state,87,21.75,lohc_inventory_kg,569.2592592592592
state,88,22.0,lohc_inventory_kg,589.2592592592592
state,89,22.25,lohc_inventory_kg,447.1296296296297
state,90,22.5,lohc_inventory_kg,467.1296296296296
state,91,22.75,lohc_inventory_kg,487.1296296296296
state,92,23.0,lohc_inventory_kg,507.1296296296296
state,93,23.25,lohc_inventory_kg,365.00000000000006
state,94,23.5,lohc_inventory_kg,385.00000000000006
state,95,23.75,lohc_inventory_kg,405.0
state,96,24.0,lohc_inventory_kg,425.0
